url,name,locality,website,star category,activities,tourist pitches,open (seasons 1),open (seasons 2),open (seasons 3),open (seasons 4),open (seasons 5),open (seasons 6),open (seasons 7),sport field,golf,tennis,indoor swimming pool,unheated pool,bathing facilities,baby pool,boat rental,bike rental,entertainment,playground,disco,wifi,lounge,info corner,easy access for disabled people,animals allowed,kitchen,BBQ area,restaurant,take away,shop with limited range,kiosk,shopping centre,shop with rich range,washing machine,laundry dryer / tumble dryer,hiking,lake with sandy beach,lake with stony beach,river,train station,bus,VSC membership,TCS membership,SCCV membership
https://camping.ch/de/campingplatz/graubuenden/filisur/islas?l=true,Islas,7477 Filisur (GR),www.campingislas.ch,3,3,50,01.04.2024 − 31.10.2024,,,,,,,0,0,0,0,0,0,0,0,0,0,0,0,0,0,1,0,0,0,0,0,0,0,0,0,0,1,1,1,0,0,0,1,0,1,0,1
https://camping.ch/de/campingplatz/ostschweiz/Altst%25C3%25A4tten/allmend_rheintal?l=true,Stellplatz Allmend Rheintal,9450 Altstätten (SG),,0,7,,01.01.2024 − 31.12.2024,,,,,,,0,0,0,0,0,0,0,0,0,0,0,0,0,0,0,0,1,0,0,0,0,0,0,0,0,0,0,1,0,0,0,0,0,0,0,0
https://camping.ch/de/campingplatz/freiburg-neuenburg-jura/sorens/la-foret?l=true,Camping de la Forêt,1642 Sorens (FR),,4,4,50,15.04.2024 − 15.10.2024,,,,,,,0,0,0,0,0,0,1,0,0,0,1,0,1,0,1,0,1,1,0,1,0,0,1,0,0,1,1,1,0,0,0,0,1,1,0,0
https://camping.ch/de/campingplatz/graubuenden/sur-en-sent/sur-en-sent?l=true,Sur En / Sent,7554 Sur En / Sent (GR),,4,4,120,01.01.2024 − 31.12.2024,,,,,,,0,0,0,0,0,0,0,0,1,0,0,0,0,0,1,0,0,0,0,0,0,0,0,0,0,1,0,1,0,0,1,1,1,1,0,0
https://camping.ch/de/campingplatz/wallis/evol-ne/evol-ne?l=true,Evolène,1983 Evolène (VS),,3,1,65,15.05.2024 − 15.10.2024,,,,,,,0,0,0,0,1,0,0,0,1,0,0,0,0,0,1,0,0,0,0,0,0,0,0,0,0,1,1,1,0,0,0,0,1,0,0,0
https://camping.ch/de/campingplatz/wallis/bramois/valcentre?l=true,Valcentre,1967 Bramois (VS),,3,10,60,01.04.2024 − 31.10.2024,,,,,,,0,0,0,0,0,0,0,0,0,0,1,0,0,0,0,0,0,0,0,1,0,1,0,0,0,1,1,0,0,0,1,1,1,0,0,0
https://camping.ch/de/campingplatz/zentralschweiz/brunnen/hopfreben?l=true,Hopfreben,6440 Brunnen (SZ),,3,11,127,14.04.2024 − 22.09.2024,,,,,,,0,0,0,0,0,0,0,0,1,0,0,0,0,0,0,0,0,0,0,0,0,0,0,0,0,0,0,0,1,0,0,0,1,0,0,0
https://camping.ch/de/campingplatz/freiburg-neuenburg-jura/sugiez/les-trois-lacs?l=true,Camping Les 3 Lacs,1786 Sugiez (FR),www.camping-les3lacs.ch,4,7,46,01.05.2024 − 30.09.2024,,,,,,,1,0,0,0,1,0,1,0,1,1,1,0,1,0,1,0,1,1,1,1,1,0,0,0,0,1,1,1,1,0,1,1,1,0,0,0
https://camping.ch/de/campingplatz/berner-oberland/brienz/seegaertli?l=true,Seegärtli,3855 Brienz (BE),,2,9,30,01.04.2024 − 31.10.2024,,,,,,,0,0,0,0,0,0,0,0,0,0,0,0,0,0,1,0,0,0,0,0,0,0,0,0,0,1,0,1,1,0,0,1,1,0,0,0
https://camping.ch/de/campingplatz/waadt-genfersee/corcelettes/les-pins?l=true,Les Pins,1422 Corcelettes (VD),,3,7,20,01.04.2024 − 30.09.2024,,,,,,,0,0,0,0,0,0,0,0,0,0,0,0,0,0,0,0,1,0,0,0,0,0,0,0,0,1,0,0,0,0,0,1,1,0,0,0
https://camping.ch/de/campingplatz/berner-mitelland/brenzikofen/wydeli?l=true,Wydeli,3671 Brenzikofen (BE),,3,8,15,30.04.2024 − 17.09.2024,,,,,,,0,0,0,0,0,0,0,0,0,0,0,0,0,0,0,0,1,0,0,0,0,0,0,0,0,1,0,0,0,0,1,1,1,1,0,0
https://camping.ch/de/campingplatz/wallis/susten-leuk/torrent?l=true,Torrent,3952 Susten-Leuk (VS),www.campingtorrent.ch,3,3,127,12.04.2024 − 31.10.2024,,,,,,,0,0,0,0,0,0,0,0,0,0,1,0,0,0,0,0,0,0,0,0,1,0,0,0,0,1,0,1,0,0,0,0,1,0,0,0
https://camping.ch/de/campingplatz/zuerich/maur/naturfreunde-zeltplatz-aschbach?l=true,Naturfreunde Zeltplatz Aschbach,8124 Maur (ZH),,0,11,15,01.05.2024 − 30.08.2024,,,,,,,0,0,0,0,0,0,0,0,0,0,0,0,0,0,0,0,0,0,0,0,0,0,0,0,0,0,0,0,1,0,1,0,0,0,0,0
https://camping.ch/de/campingplatz/waadt-genfersee/orges/bois-du-fey?l=true,Bois-du-Fey,1430 Orges (VD),,2,6,12,01.03.2024 − 31.10.2024,,,,,,,0,0,0,0,0,0,0,0,0,0,1,0,0,1,1,1,1,1,0,0,0,0,0,0,0,1,0,1,0,0,0,1,0,0,0,1
https://camping.ch/de/campingplatz/ostschweiz/stein-a-rhein/grenzstein?l=true,Grenzstein,8260 Stein a. Rhein (SH),,4,8,3,01.01.2024 − 31.12.2024,,,,,,,0,0,0,0,0,0,0,0,0,0,0,0,0,0,1,0,0,0,0,0,0,0,0,0,0,0,0,1,0,1,1,0,1,0,0,1
https://camping.ch/de/campingplatz/wallis/sembrancher/la-prairie?l=true,La Prairie,1933 Sembrancher (VS),,1,5,0,01.01.2024 − 31.12.2024,,,,,,,0,0,0,0,0,0,0,0,0,0,0,0,0,0,0,0,0,0,0,0,0,0,0,0,0,1,0,0,0,0,0,1,1,0,0,0
https://camping.ch/de/campingplatz/berner-oberland/brienz/camping-seebucht?l=true,Camping Seebucht,3855 Brienz (BE),,2,9,14,01.04.2024 − 31.10.2024,,,,,,,0,0,0,0,0,1,0,0,0,0,0,0,0,0,0,0,0,0,0,0,0,0,0,0,0,1,0,1,1,0,0,1,1,0,0,0
https://camping.ch/de/campingplatz/wallis/leukerbad/sportarena?l=true,Sportarena,3954 Leukerbad (VS),,3,6,80,01.05.2024 − 31.10.2024,,,,,,,1,0,1,0,0,0,0,0,0,0,1,0,0,1,1,1,1,0,0,1,0,0,0,0,0,1,1,1,0,0,1,1,1,0,0,0
https://camping.ch/de/campingplatz/freiburg-neuenburg-jura/portalban/la-nacelle?l=true,Camping Delley-Portalban,1568 Portalban (FR),,3,6,50,15.03.2024 − 31.10.2024,,,,,,,0,0,0,0,0,0,0,1,1,0,0,0,0,0,0,0,0,0,0,0,0,0,0,0,0,1,0,0,0,0,0,1,1,0,0,0
https://camping.ch/de/campingplatz/berner-oberland/gsteig-b-gstaad/bergcamping-gsteig?l=true,Bergcamping Gsteig,3785 Gsteig b. Gstaad (BE),,3,2,7,01.01.2024 − 31.12.2024,,,,,,,0,0,0,0,0,0,0,0,1,0,1,0,1,1,1,1,1,1,1,1,1,1,1,0,0,1,1,1,0,1,1,0,1,0,0,1
https://camping.ch/de/campingplatz/berner-oberland/beatenberg/bauernhofcamping-wang?l=true,Bauernhofcamping Wang,3803 Beatenberg (BE),,2,11,24,16.04.2024 − 31.10.2024,,,,,,,0,0,0,0,0,0,0,0,0,0,1,0,1,1,1,0,1,1,1,0,0,0,0,0,0,1,1,1,0,0,0,0,1,0,0,0
https://camping.ch/de/campingplatz/ostschweiz/kloental/im-vorauen?l=true,Im Vorauen,8750 Klöntal (GL),,2,0,100,01.05.2024 − 30.09.2024,,,,,,,0,0,0,0,0,0,0,0,0,0,0,0,0,0,0,0,0,0,0,0,0,0,0,0,0,0,0,0,1,0,0,1,1,0,0,0
https://camping.ch/de/campingplatz/wallis/leuk-susten/gemmi-agarn?l=true,Gemmi Agarn,3952 Leuk-Susten (VS),www.campgemmi.ch,4,3,64,02.04.2024 − 09.10.2024,,,,,,,0,0,0,0,0,0,0,0,0,0,1,0,0,0,0,0,1,0,0,1,0,0,1,0,0,1,1,1,0,0,0,1,1,0,0,0
https://camping.ch/de/campingplatz/tessin/agno/camping-lugano-lake?l=true,Camping Lugano Lake,6982 Agno (TI),,0,9,180,01.04.2024 − 31.10.2024,,,,,,,1,0,0,0,0,0,0,0,0,0,1,0,1,0,0,0,1,0,0,0,1,0,1,0,1,1,1,1,1,0,1,1,1,0,0,0
https://camping.ch/de/campingplatz/berner-oberland/frutigen/camping-grassi?l=true,Camping Grassi,3714 Frutigen (BE),www.camping-grassi.ch,4,6,65,01.01.2024 − 31.12.2024,,,,,,,0,0,0,0,0,0,0,0,1,0,1,0,1,0,1,0,1,0,0,0,0,0,0,0,0,1,1,1,0,0,1,1,0,1,0,1
https://camping.ch/de/campingplatz/waadt-genfersee/cudrefin/camping-communal-de-cudrefin?l=true,Camping Communal de Cudrefin,1588 Cudrefin (VD),,4,11,150,15.03.2024 − 31.10.2024,,,,,,,0,0,0,0,0,1,1,0,0,0,1,0,1,0,1,1,1,0,1,0,0,0,0,0,0,1,1,0,1,0,0,1,0,0,0,0
https://camping.ch/de/campingplatz/wallis/brigerbad/thermal-camping-brigerbad?l=true,Thermal Camping Brigerbad,3900 Brigerbad (VS),,4,8,200,30.04.2024 − 29.10.2024,,,,,,,1,0,0,1,1,1,1,0,0,1,1,0,1,0,0,1,0,1,1,1,1,1,0,0,0,1,1,1,0,0,1,0,1,0,0,0
https://camping.ch/de/campingplatz/wallis/crans-montana/la-moubra?l=true,La Moubra,3963 Crans-Montana (VS),,2,7,80,15.05.2024 − 20.10.2024,15.12.2024 − 31.12.2024,,,,,,0,0,0,0,0,0,0,0,0,0,0,0,0,0,0,0,0,0,0,0,0,0,0,0,0,1,1,0,1,0,0,1,1,0,0,0
https://camping.ch/de/campingplatz/berner-oberland/blumenstein/campingplatz-und-pilgerlager-blumenstein?l=true,Campingplatz und Pilgerlager Blumenstein,3638 Blumenstein (BE),,2,7,15,01.05.2024 − 30.09.2024,,,,,,,0,0,0,0,0,0,0,0,0,0,0,0,1,0,0,1,1,0,0,0,0,0,0,0,0,1,0,1,0,0,1,0,1,0,0,0
https://camping.ch/de/campingplatz/tessin/cadenazzo/campingalex?l=true,Camping Alex,6593 Cadenazzo (TI),,2,8,30,01.02.2024 − 28.10.2024,,,,,,,0,0,0,0,1,0,1,0,0,0,1,0,0,1,0,0,1,0,0,0,0,0,1,0,0,1,1,1,1,0,0,1,1,1,0,0
https://camping.ch/de/campingplatz/tessin/primadengo/piantett?l=true,Piantett,6760 Primadengo (TI),,2,1,80,01.01.2024 − 30.12.2024,,,,,,,0,0,0,0,0,0,0,0,0,0,0,0,0,0,0,0,0,0,0,0,0,0,0,0,0,0,0,0,0,1,0,1,1,1,0,0
https://camping.ch/de/campingplatz/ostschweiz/diepoldsau/strandbad-diepoldsau?l=true,Strandbad Diepoldsau,9444 Diepoldsau (SG),,2,5,20,01.04.2024 − 30.09.2024,,,,,,,0,0,0,0,0,1,0,0,0,0,0,0,0,0,0,0,0,0,0,1,0,0,0,0,0,1,0,1,0,0,1,0,0,0,0,0
https://camping.ch/de/campingplatz/graubuenden/scuol/tcs-camping-scuol?l=true,TCS Camping Scuol,7550 Scuol (GR),,4,4,115,01.01.2024 − 05.04.2024,13.05.2024 − 24.10.2024,19.12.2024 − 31.12.2024,,,,,0,0,0,0,0,0,0,0,0,0,0,0,0,0,1,0,0,0,0,0,0,0,0,0,0,1,0,1,0,0,1,1,1,1,1,0
https://camping.ch/de/campingplatz/graubuenden/chur/camp-au?l=true,Camp Au,7000 Chur (GR),,4,11,127,01.01.2024 − 31.12.2024,,,,,,,0,0,0,0,0,0,0,0,0,0,0,0,0,0,1,1,1,0,0,0,0,0,0,0,0,1,0,1,0,0,1,1,1,1,0,0
https://camping.ch/de/campingplatz/nordwestschweiz/moehlin/bachtalen?l=true,Camping Möhlin Bachtalen,4313 Möhlin (AG),,2,6,30,20.03.2024 − 30.10.2024,,,,,,,0,0,0,0,0,0,0,0,0,0,0,0,0,0,0,0,0,0,0,0,0,0,0,0,0,1,0,0,0,1,1,0,1,0,0,0
https://camping.ch/de/campingplatz/graubuenden/li-curt/boomerang?l=true,Boomerang,7745 Li Curt (GR),,3,0,50,01.04.2024 − 31.10.2024,,,,,,,0,0,0,0,0,0,0,0,0,0,1,0,1,1,1,0,1,1,1,0,0,0,1,0,0,1,1,1,0,1,0,1,1,1,0,0
https://camping.ch/de/campingplatz/wallis/binn/camping-giessen?l=true,Camping Giessen,3996 Binn (VS),,1,2,110,01.05.2024 − 15.10.2024,,,,,,,0,0,0,0,0,0,0,0,0,0,0,0,0,0,0,0,0,0,0,0,0,0,0,0,0,0,0,0,0,0,1,0,1,0,0,0
https://camping.ch/de/campingplatz/freiburg-neuenburg-jura/le-landeron/camp-des-peches?l=true,Camping des Pêches Le Landeron,2525 Le Landeron (NE),www.camping-lelanderon.ch,4,2,150,Nebensaison 1: 29.03.2024 − 14.06.2024,Hauptsaison: 15.06.2024 − 15.08.2024,Nebensaison 2: 16.08.2024 − 15.10.2024,,,,,0,0,1,0,1,1,1,0,1,0,1,0,1,0,1,0,1,1,0,1,1,1,0,0,0,1,1,1,1,1,1,1,1,0,0,0
https://camping.ch/de/campingplatz/graubuenden/strada/arina?l=true,Arina,7558 Strada (GR),,2,2,40,01.05.2024 − 31.10.2024,,,,,,,1,0,1,0,1,0,0,0,0,0,1,0,0,0,0,0,0,0,0,0,0,0,0,0,0,1,0,0,0,0,0,0,1,1,0,0
https://camping.ch/de/campingplatz/berner-mitelland/erlach/monplaisir?l=true,Monplaisir,ch-3235 Erlach (BE),,4,3,20,01.01.2024 − 31.12.2024,,,,,,,0,0,0,0,0,0,0,0,0,0,0,0,0,0,0,0,1,0,0,0,0,0,0,0,0,1,0,0,1,0,0,1,1,0,0,0
https://camping.ch/de/campingplatz/tessin/muzzano/tcs-camping-lugano?l=true,TCS Camping Lugano-Muzzano,6933 Muzzano (TI),,4,9,127,01.01.2024 − 31.12.2024,,,,,,,0,0,0,0,0,0,0,1,1,0,0,0,0,0,0,0,0,0,0,0,0,0,0,0,0,0,0,0,1,0,0,1,0,1,1,0
https://camping.ch/de/campingplatz/berner-oberland/krattigen/stuhlegg?l=true,Stuhlegg,3704 Krattigen (BE),,4,11,65,01.01.2024 − 31.12.2024,,,,,,,0,0,0,0,0,1,0,0,0,0,1,0,0,0,1,0,1,0,0,1,0,1,0,0,0,1,0,1,1,0,0,1,1,1,0,0
https://camping.ch/de/campingplatz/berner-oberland/grund-innertkirchen/grund?l=true,Grund,3862 Grund/Innertkirchen (BE),,3,11,30,01.01.2024 − 31.12.2024,,,,,,,0,0,0,0,0,0,0,0,0,0,0,0,0,0,1,0,0,0,0,0,0,1,0,0,0,1,0,1,0,0,0,1,1,1,0,0
https://camping.ch/de/campingplatz/tessin/cugnasco/riarena?l=true,Riarena,6516 Cugnasco (TI),www.campingriarena.ch,4,11,106,2024: 15.03.2024 − 20.10.2024,,,,,,,0,0,0,0,1,1,1,0,0,0,1,0,1,0,0,1,0,0,1,1,0,1,0,0,1,1,1,1,0,0,1,1,1,1,0,0
https://camping.ch/de/campingplatz/wallis/champery/camping-du-grand-paradis?l=true,Camping du Grand Paradis,1874 Champery (VS),www.champery.ch/camping,3,1,50,01.01.2024 − 31.12.2024,,,,,,,0,0,0,0,0,0,0,0,0,0,0,0,0,0,0,0,1,0,1,0,0,0,0,0,0,1,1,1,0,0,1,1,1,0,0,0
https://camping.ch/de/campingplatz/freiburg-neuenburg-jura/epagny/les-sapins?l=true,Les Sapins,1664 Epagny (FR),,3,9,40,01.04.2024 − 30.09.2024,,,,,,,0,0,0,0,0,0,0,0,0,0,0,0,0,0,1,0,0,0,0,0,0,0,0,0,0,1,0,1,0,1,1,1,1,0,0,0
https://camping.ch/de/campingplatz/zentralschweiz/fluehli/campingplatz-thorbach?l=true,Campingplatz Thorbach,6173 Flühli (LU),,3,3,8,01.01.2024 − 31.12.2024,,,,,,,0,0,0,0,0,0,0,0,0,0,1,0,0,1,0,1,1,0,0,0,0,0,0,0,0,1,1,1,0,0,1,0,1,1,0,0
https://camping.ch/de/campingplatz/zentralschweiz/morgarten/camping_naas_sod?l=true,Camping Naas-Sod,6315 Morgarten (ZG),,0,11,10,Hauptsaison: 01.05.2024 − 30.09.2024,,,,,,,0,0,0,0,0,1,0,0,0,0,0,0,0,0,0,0,1,0,1,0,0,0,1,0,0,0,0,1,1,0,0,0,0,0,0,0
https://camping.ch/de/campingplatz/wallis/taesch/alphubel?l=true,Alphubel,3929 Täsch (VS),,2,11,100,15.05.2024 − 15.10.2024,,,,,,,0,0,0,0,0,0,0,0,0,0,0,0,0,0,0,0,0,0,0,0,0,0,0,0,0,1,0,0,0,0,0,1,1,0,0,0
https://camping.ch/de/campingplatz/waadt-genfersee/forel/camping-de-forel?l=true,Camping de Forel,1072 Forel (VD),,3,11,,01.05.2024 − 31.10.2024,,,,,,,0,0,0,0,0,0,0,0,0,0,0,0,0,0,0,0,0,0,0,0,0,0,0,0,0,0,0,0,0,0,0,0,0,0,0,0
https://camping.ch/de/campingplatz/tessin/astano/al-laghetto?l=true,Al Laghetto,6999 Astano (TI),,2,2,31,12.04.2024 − 31.10.2024,,,,,,,0,0,0,0,0,0,0,0,0,0,0,0,0,0,0,0,0,0,0,0,0,0,0,0,0,1,0,0,0,0,0,1,1,0,0,1
https://camping.ch/de/campingplatz/zentralschweiz/nottwil/st-margrethen?l=true,St. Margrethen,6207 Nottwil (LU),,3,6,20,15.03.2024 − 15.10.2024,,,,,,,0,0,0,0,0,0,0,1,0,0,0,0,0,0,1,0,0,0,0,0,0,0,0,0,0,1,0,1,0,0,1,1,0,0,0,0
https://camping.ch/de/campingplatz/freiburg-neuenburg-jura/tavannes/camping-de-belfond?l=true,Camping de Belfond ,2710 Tavannes (BE),,0,1,20,01.06.2024 − 30.09.2024,,,,,,,0,0,0,0,0,0,0,0,0,0,0,0,0,0,0,0,0,0,0,0,0,0,0,0,0,0,0,0,0,0,0,0,0,1,0,0
https://camping.ch/de/campingplatz/tessin/tenero/rivabella?l=true,Rivabella,6598 Tenero (TI),,4,11,55,01.01.2024 − 31.12.2024,,,,,,,0,0,0,0,0,0,0,1,0,0,0,0,0,0,0,0,0,0,0,0,0,0,0,0,0,1,0,0,0,0,0,1,1,1,0,0
https://camping.ch/de/campingplatz/zentralschweiz/sachseln/camping-ewil?l=true,Camping Ewil,6072 Sachseln (OW),,3,5,27,03.04.2024 − 30.09.2024,,,,,,,0,0,0,0,0,1,0,0,0,0,0,0,0,1,1,1,1,1,0,1,0,1,0,0,0,1,1,1,1,0,1,1,0,0,0,1
https://camping.ch/de/campingplatz/freiburg-neuenburg-jura/ligni-res/fraso-ranch?l=true,Fraso-Ranch,2523 Lignières (NE),,4,3,48,01.01.2024 − 31.12.2024,,,,,,,0,0,1,0,0,0,1,0,0,1,1,0,0,0,1,1,1,1,1,1,0,1,0,0,0,1,1,1,0,1,0,0,1,0,0,0
https://camping.ch/de/campingplatz/waadt-genfersee/ballens/bois-gentil?l=true,Camping du Bois Gentil,1141 Ballens (VD),,2,1,15,01.04.2024 − 15.10.2024,,,,,,,0,0,0,0,0,0,0,0,0,0,0,0,0,0,0,0,0,0,0,0,0,0,0,0,0,0,0,1,0,1,0,1,0,0,0,0
https://camping.ch/de/campingplatz/berner-oberland/interlaken-unterseen/camping-alpenblick-gmbh?l=true,Camping Alpenblick,3800 Interlaken-Unterseen (BE),,4,11,120,01.01.2024 − 31.12.2024,,,,,,,0,0,0,0,0,1,0,0,0,0,1,0,0,1,1,1,1,1,0,1,1,1,0,0,0,1,1,1,1,0,1,0,1,0,0,1
https://camping.ch/de/campingplatz/tessin/chiggiogna/gottardo?l=true,Gottardo,6764 Chiggiogna (TI),,3,1,62,01.01.2024 − 31.12.2024,,,,,,,0,0,0,0,0,0,0,0,0,0,0,0,0,0,0,0,0,0,0,0,0,0,0,0,0,1,0,0,0,1,1,0,0,0,0,0
https://camping.ch/de/campingplatz/tessin/tenero/camping-tamaro?l=true,Camping Tamaro Resort,6598 Tenero (TI),www.campingtamaro.ch,5,11,287,Vorsaison: 18.03.2024 − 03.07.2024,Hauptsaison: 04.07.2024 − 07.08.2024,Nachsaison: 08.08.2024 − 29.10.2024,,,,,0,0,0,0,1,1,0,0,1,1,1,0,1,1,1,1,0,0,1,1,1,1,1,0,1,1,1,1,1,0,0,1,1,0,0,1
https://camping.ch/de/campingplatz/zentralschweiz/horw/tcs-camping-luzern-horw?l=true,TCS Camping Luzern - Horw,6048 Horw (LU),,4,11,100,01.04.2024 − 17.10.2024,,,,,,,0,0,0,0,0,0,0,0,0,0,0,0,0,0,0,0,0,0,0,0,0,0,0,0,0,1,0,1,1,0,0,0,1,1,1,0
https://camping.ch/de/campingplatz/ostschweiz/langwiesen-sh/camping-schaffhausen-freizeitanlage-rheinwiese?l=true,Camping Schaffhausen - Freizeitanlage Rheinwiese,8246 Langwiesen SH (ZH),,3,11,70,01.11.2024 − 01.11.2024,,,,,,,0,0,0,0,1,0,0,0,0,0,0,0,0,0,0,0,0,0,0,0,0,0,0,0,0,1,0,0,0,0,1,0,1,1,0,0
https://camping.ch/de/campingplatz/zuerich/winterthur/am-schuetzenweiher?l=true,Am Schützenweiher,8400 Winterthur (ZH),,3,8,40,01.01.2024 − 31.12.2024,,,,,,,0,0,0,0,0,0,0,0,1,0,1,0,1,0,1,0,1,1,1,0,0,0,0,0,0,1,1,0,1,0,0,1,1,1,0,0
https://camping.ch/de/campingplatz/zentralschweiz/sisikon/camping_bucheli?l=true,Camping Bucheli,6452 Sisikon (UR),,0,11,,Nebensaison 1: 01.01.2024 − 31.05.2024,Hauptsaison: 01.06.2024 − 15.09.2024,Nebensaison 2: 16.09.2024 − 31.12.2024,,,,,0,0,0,0,0,0,0,0,0,0,1,0,1,0,0,0,1,0,0,0,0,0,1,0,0,1,1,1,1,0,0,1,1,0,0,0
https://camping.ch/de/campingplatz/wallis/vissoie/anniviers?l=true,Anniviers,3961 Vissoie (VS),,2,1,38,01.01.2024 − 31.12.2024,,,,,,,0,0,0,0,0,0,0,0,0,0,0,0,0,0,0,0,0,0,0,0,0,0,0,0,0,0,0,0,0,0,0,0,1,0,0,0
https://camping.ch/de/campingplatz/berner-mitelland/erlach/gemeindecamping-erlach?l=true,Camping Erlach,3235 Erlach (BE),,4,3,92,28.03.2024 − 26.10.2024,,,,,,,0,0,0,0,0,1,0,0,0,1,1,0,1,0,0,1,1,0,1,1,1,0,1,1,1,1,1,1,1,0,0,0,1,0,0,1
https://camping.ch/de/campingplatz/zentralschweiz/merlischachen-luzern/seecamping-vierwaldstaettersee-luzern?l=true,Seecamping Vierwaldstättersee Luzern,6402 Merlischachen-Luzern (SZ),,0,11,15,"Hauptsaison, auf Anfrage: 01.04.2024 − 30.09.2024",,,,,,,0,0,0,0,0,1,0,0,0,0,0,0,0,0,0,0,0,0,0,0,0,0,0,0,0,0,0,1,0,1,0,1,0,0,0,0
https://camping.ch/de/campingplatz/ostschweiz/bernhardzell/st-gallen-wittenbach?l=true,Camping St. Gallen - Wittenbach,9304 Bernhardzell (SG),,4,11,70,14.04.2024 − 01.10.2024,,,,,,,0,0,0,0,0,0,0,0,1,0,0,0,0,0,0,0,0,0,0,0,0,0,0,0,0,1,0,0,0,0,1,0,1,0,0,1
https://camping.ch/de/campingplatz/wallis/martigny/tcs-camping-martigny?l=true,TCS Camping Martigny,1920 Martigny (VS),,3,7,127,01.04.2024 − 24.10.2024,,,,,,,0,0,0,0,0,0,0,0,0,0,0,0,0,0,0,0,0,0,0,0,0,0,0,0,0,1,0,0,0,0,0,1,1,1,1,0
https://camping.ch/de/campingplatz/nordwestschweiz/reinach-basel/waldhort?l=true,Waldhort,4153 Reinach / Basel (BL),,4,11,75,01.03.2024 − 01.10.2024,,,,,,,0,0,0,0,1,0,1,0,0,0,1,0,0,0,0,1,1,1,1,0,1,1,1,0,0,1,1,1,0,0,1,0,1,0,0,1
https://camping.ch/de/campingplatz/wallis/susten/bella-tola?l=true,Camping Bella-Tola GmbH,3952 Susten (VS),,4,4,127,24.04.2024 − 19.10.2024,,,,,,,0,0,0,0,0,0,1,0,0,0,1,0,0,0,0,0,1,0,0,1,1,0,0,0,1,1,1,0,0,0,0,1,1,0,0,0
https://camping.ch/de/campingplatz/tessin/tenero/camping-campofelice?l=true,Campofelice Camping Village,6598 Tenero (TI),www.campofelice.ch,5,11,583,03.03.2024 − 06.11.2024,,,,,,,1,0,1,0,1,1,1,1,1,1,1,0,1,1,1,1,0,0,1,1,1,1,1,0,1,1,1,1,1,0,1,1,1,1,0,1
https://camping.ch/de/campingplatz/waadt-genfersee/orbe/tcs-camping-orbe?l=true,TCS Camping Orbe,1350 Orbe (VD),,3,3,80,01.04.2024 − 24.10.2024,,,,,,,0,0,0,0,0,0,0,0,1,0,0,0,0,0,0,0,0,0,0,0,0,0,0,0,0,1,0,1,0,0,0,0,1,1,1,0
https://camping.ch/de/campingplatz/berner-mitelland/sutz-lattrigen/lindenhof?l=true,Lindenhof,ch-2572 Sutz-Lattrigen (BE),,3,7,50,01.04.2024 − 31.10.2024,,,,,,,0,0,0,0,0,0,0,0,0,0,0,0,0,1,0,0,0,0,0,0,0,0,0,0,0,1,0,0,1,0,0,0,0,0,0,0
https://camping.ch/de/campingplatz/zuerich/flaach/tcs-camping-flaach-am-rhein?l=true,TCS Camping Flaach am Rhein,8416 Flaach (ZH),,4,4,90,01.04.2024 − 24.10.2024,,,,,,,0,0,0,0,0,0,0,0,0,0,0,0,0,0,0,0,0,0,0,0,0,0,0,0,0,1,0,1,0,0,1,0,1,1,1,0
https://camping.ch/de/campingplatz/tessin/melano/camping-monte-generoso?l=true,Camping Monte Generoso,6818 Melano (TI),,3,11,88,Nebensaison 1: 23.03.2024 − 30.06.2024,Hauptsaison: 01.07.2024 − 18.08.2024,Nebensaison 2: 19.08.2024 − 20.10.2024,,,,,0,0,0,0,0,1,0,1,0,1,1,0,1,1,1,1,1,0,0,1,1,1,1,0,1,1,1,1,1,0,0,1,1,1,0,0
https://camping.ch/de/campingplatz/ostschweiz/kloental/guentlenau?l=true,Güntlenau,8750 Klöntal (GL),,1,0,60,01.05.2024 − 30.09.2024,,,,,,,0,0,0,0,0,0,0,0,0,0,0,0,0,0,0,0,1,0,0,0,0,0,0,0,0,0,0,0,1,0,0,1,1,0,0,0
https://camping.ch/de/campingplatz/ostschweiz/arbon/buchhorn?l=true,Buchhorn,9320 Arbon (TG),,3,11,160,01.04.2024 − 01.09.2024,,,,,,,0,0,0,0,0,1,0,1,1,0,0,0,1,1,1,1,0,0,1,0,1,0,1,0,0,1,1,1,1,0,0,1,1,1,0,0
https://camping.ch/de/campingplatz/freiburg-neuenburg-jura/colombier/paradis-plage?l=true,Paradis-Plage,2013 Colombier (NE),www.paradisplage.ch,4,4,127,01.03.2024 − 31.10.2024,,,,,,,0,0,0,0,0,1,1,1,1,0,1,0,1,0,1,1,1,1,0,1,1,0,0,0,1,1,1,1,1,0,0,1,1,1,0,0
https://camping.ch/de/campingplatz/zuerich/zuerich/camping-zuerich-fischers-fritz?l=true,Camping Zürich Fischers Fritz,8038 Zürich (ZH),,4,11,50,02.04.2024 − 31.10.2024,,,,,,,1,0,0,0,0,1,0,1,1,1,1,0,1,0,1,1,1,0,1,1,0,0,0,0,1,1,1,0,0,1,0,1,1,0,0,0
https://camping.ch/de/campingplatz/graubuenden/cinuos-chel/chapella?l=true,Chapella,7526 Cinuos-Chel (GR),www.campingchapella.ch,3,5,100,01.05.2024 − 31.10.2024,,,,,,,0,0,0,0,0,0,0,0,0,0,0,0,0,0,0,0,1,0,0,0,0,0,0,0,0,1,0,0,0,0,1,0,0,1,0,0
https://camping.ch/de/campingplatz/waadt-genfersee/st-cergue/les-cheseaux?l=true,Les Cheseaux,1264 St-Cergue (VD),,3,0,21,Frühlingssaison: 01.01.2024 − 30.06.2024,Hauptsaison: 01.07.2024 − 31.08.2024,Herbstsaison: 01.09.2024 − 31.12.2024,,,,,0,0,0,0,0,0,0,0,1,0,1,0,1,1,1,0,1,0,1,0,0,0,0,0,0,1,1,1,0,0,0,0,1,1,0,1
https://camping.ch/de/campingplatz/freiburg-neuenburg-jura/la-cibourg/la-cibourg?l=true,Camping de la Cibourg,2616 La Cibourg (BE),,4,5,60,01.01.2024 − 31.12.2024,,,,,,,1,0,0,0,0,1,1,0,0,0,1,0,1,0,0,1,1,1,1,1,0,0,1,0,0,1,1,1,1,0,0,1,0,0,0,0
https://camping.ch/de/campingplatz/freiburg-neuenburg-jura/duedingen/schiffenensee?l=true,Schiffenensee,3186 Düdingen (FR),www.camping-schiffenen.ch,4,11,60,01.04.2024 − 31.10.2024,,,,,,,0,0,0,0,0,0,0,0,0,0,0,0,0,0,0,0,0,0,0,0,0,0,0,0,0,0,0,1,1,0,0,1,1,1,0,0
https://camping.ch/de/campingplatz/wallis/les-evouettes/des-ravers?l=true,Camping Des Ravers,1897 Les Evouettes (VS),,0,7,25,01.04.2024 − 31.10.2024,,,,,,,0,0,0,0,0,0,0,0,0,0,0,0,0,0,0,0,0,0,0,0,0,0,0,0,0,0,0,0,0,0,0,1,1,0,0,0
https://camping.ch/de/campingplatz/zentralschweiz/grossdietwil/zegro-camping?l=true,ZEGRO Camping,6146 Grossdietwil (LU),,1,3,25,01.04.2024 − 31.10.2024,,,,,,,0,0,0,0,0,0,0,0,0,0,0,0,0,0,0,0,1,0,0,1,0,0,0,0,0,0,0,0,0,0,0,1,1,0,0,1
https://camping.ch/de/campingplatz/waadt-genfersee/cully/moratel?l=true,Moratel,1096 Cully (VD),,2,11,90,20.03.2024 − 20.10.2024,,,,,,,0,0,0,0,0,0,0,0,0,0,0,0,0,0,1,0,0,0,0,0,0,0,0,0,0,1,0,1,1,0,0,1,0,0,0,0
https://camping.ch/de/campingplatz/wallis/champex/les-rocailles?l=true,Les Rocailles,1938 Champex (VS),,2,3,50,01.01.2024 − 31.12.2024,,,,,,,0,0,0,0,0,0,0,0,0,0,0,0,0,0,0,0,0,0,0,0,0,0,0,0,0,1,0,0,1,0,0,1,1,0,0,0
https://camping.ch/de/campingplatz/ostschweiz/bad-ragaz/giessenpark?l=true,Giessenpark,7310 Bad Ragaz (SG),,4,11,47,01.01.2024 − 31.12.2024,,,,,,,0,0,0,0,0,0,0,0,1,0,1,0,1,1,1,1,1,1,0,1,1,0,0,0,0,1,1,1,0,0,1,1,1,0,0,0
https://camping.ch/de/campingplatz/freiburg-neuenburg-jura/montmelon-dessous/kohler?l=true,Camping Kohler,2883 Montmelon-Dessous (JU),,2,1,60,15.05.2024 − 30.09.2024,,,,,,,0,0,0,0,0,0,0,0,0,0,0,0,0,0,0,0,0,0,0,0,0,0,0,0,0,1,0,0,0,1,0,1,1,0,0,0
https://camping.ch/de/campingplatz/tessin/monteggio/boscodellabella?l=true,Bosco della Bella,6998 Monteggio (TI),,0,2,,01.01.2024 − 31.12.2024,,,,,,,0,0,0,0,0,0,0,0,0,0,0,0,0,0,0,0,0,0,0,0,0,0,0,0,0,0,0,0,0,0,1,0,0,0,0,0
https://camping.ch/de/campingplatz/ostschweiz/st-margrethen/strandbad-camping-bruggerhorn?l=true,Strandbad Camping Bruggerhorn,9430 St. Margrethen (SG),,3,11,30,01.04.2024 − 31.10.2024,,,,,,,0,0,0,0,1,1,1,0,0,0,0,0,0,1,1,0,0,1,1,1,1,0,1,0,0,1,1,1,0,0,0,1,1,0,0,0
https://camping.ch/de/campingplatz/ostschweiz/goldingen/atzmaennig?l=true,Atzmännig,8638 Goldingen (SG),,3,11,15,01.01.2024 − 31.12.2024,,,,,,,0,0,0,0,0,0,0,0,0,0,1,0,0,0,1,0,1,0,1,0,0,0,0,0,0,1,1,1,0,0,1,0,1,1,0,0
https://camping.ch/de/campingplatz/ostschweiz/wildhaus/camping-schafbergblick?l=true,Camping Schafbergblick,9658 Wildhaus (SG),,2,11,25,01.01.2024 − 31.12.2024,,,,,,,0,0,0,0,0,0,0,0,0,0,0,0,0,1,0,0,0,1,0,0,0,0,0,0,0,1,0,0,0,0,0,1,1,0,0,0
https://camping.ch/de/campingplatz/tessin/mezzovico/palazzina?l=true,Palazzina,6805 Mezzovico (TI),,3,4,115,01.01.2024 − 31.12.2024,,,,,,,0,0,0,0,0,0,0,0,1,0,0,0,0,0,0,0,0,0,0,0,0,0,0,0,0,0,0,0,0,1,0,1,1,0,0,0
https://camping.ch/de/campingplatz/freiburg-neuenburg-jura/st-ursanne/camping-de-st-ursanne?l=true,Le Chandelier,2882 Saint-Ursanne (JU),,2,2,25,01.01.2024 − 31.12.2024,,,,,,,0,0,0,0,0,1,0,0,1,0,0,0,1,0,1,0,1,0,0,1,1,0,0,0,0,1,1,1,0,0,1,1,1,0,1,0
https://camping.ch/de/campingplatz/ostschweiz/kriessern/sonnensee?l=true,Sonnensee,9451 Kriessern (SG),,3,5,47,01.05.2024 − 30.09.2024,,,,,,,0,0,0,0,0,0,0,0,0,0,0,0,0,0,0,0,0,0,0,0,0,0,0,0,0,1,0,1,1,0,0,1,1,0,0,0
https://camping.ch/de/campingplatz/waadt-genfersee/aigle/les-glariers?l=true,Camping De La Piscine,1860 Aigle (VD),,3,7,31,30.03.2024 − 07.10.2024,,,,,,,1,0,0,0,1,1,1,0,0,0,0,0,1,0,1,1,1,0,0,1,1,0,0,0,0,1,0,1,0,0,1,1,1,1,0,0
https://camping.ch/de/campingplatz/wallis/sion/tcs-camping-sion?l=true,TCS Camping Sion,1950 Sion (VS),,4,5,127,01.01.2024 − 24.10.2024,10.12.2024 − 31.12.2024,,,,,,0,0,0,0,0,0,0,0,0,0,0,0,0,0,0,0,0,0,0,0,0,0,0,0,0,1,1,1,0,0,1,0,1,1,1,0
https://camping.ch/de/campingplatz/tessin/gordevio/tcs-camping-gordevio-valle-maggia?l=true,TCS Camping Gordevio – Valle Maggia,6672 Gordevio (TI),,4,11,127,01.04.2024 − 24.10.2024,,,,,,,0,0,0,0,0,0,0,0,1,0,0,0,0,0,0,0,0,0,0,0,0,0,0,0,0,0,0,1,0,0,1,0,0,1,1,0
https://camping.ch/de/campingplatz/freiburg-neuenburg-jura/muntelier/camping-muntelier?l=true,Camping Muntelier,3286 Muntelier (FR),,3,9,9,01.04.2024 − 31.10.2024,,,,,,,0,0,0,0,0,0,0,0,0,0,0,0,0,0,1,0,1,0,0,0,0,0,0,0,0,1,0,1,0,0,0,1,0,0,0,0
https://camping.ch/de/campingplatz/zentralschweiz/brunnen/urmiberg?l=true,Urmiberg,6440 Brunnen (SZ),,3,11,80,01.04.2024 − 31.10.2024,,,,,,,0,0,0,0,0,0,0,0,0,0,0,0,0,0,1,0,1,0,0,0,0,0,0,0,0,1,0,1,0,0,0,1,1,0,0,1
https://camping.ch/de/campingplatz/berner-oberland/boltigen/camping-jaunpass?l=true,Camping Jaunpass,3766 Boltigen (BE),,3,3,35,01.01.2024 − 31.12.2024,,,,,,,0,0,0,0,0,0,0,0,0,0,1,0,0,1,1,0,1,1,1,0,1,1,1,0,1,1,1,1,0,0,0,0,1,0,0,0
https://camping.ch/de/campingplatz/zentralschweiz/altdorf/remo-camp-moosbad?l=true,Remo-Camp Moosbad,6460 Altdorf (UR),,2,7,40,01.01.2024 − 31.12.2024,,,,,,,0,0,0,0,0,0,0,0,0,0,0,0,0,0,1,0,0,0,0,0,0,0,0,0,0,1,0,1,0,1,0,1,1,0,0,0
https://camping.ch/de/campingplatz/berner-mitelland/schangnau/bumbach-schangnau?l=true,Bumbach-Schangnau,6197 Schangnau (BE),,2,1,25,01.01.2024 − 31.12.2024,,,,,,,0,0,0,0,0,0,0,0,0,0,0,0,0,0,0,0,1,0,0,0,0,0,0,0,0,1,0,0,0,0,1,0,1,1,0,0
https://camping.ch/de/campingplatz/graubuenden/muestair/camping-muglin-val-muestair?l=true,Camping Muglin Val Müstair,7537 Müstair (GR),www.campingmuglin.ch,4,1,65,04.02.2024 − 28.10.2024,,,,,,,0,0,0,0,0,0,1,0,1,0,1,0,1,1,1,1,1,0,1,1,1,0,0,0,0,1,1,1,0,0,1,0,1,1,0,1
https://camping.ch/de/campingplatz/freiburg-neuenburg-jura/sugiez/praz-novy?l=true,Praz Novy,1786 Sugiez (FR),,2,7,0,01.04.2024 − 31.10.2024,,,,,,,0,0,0,0,0,0,0,0,0,0,0,0,0,0,1,0,0,0,0,0,0,0,0,0,0,0,0,1,0,0,0,1,1,0,0,0
https://camping.ch/de/campingplatz/graubuenden/savognin/julia?l=true,Julia,7460 Savognin (GR),,3,4,18,01.01.2024 − 31.12.2024,,,,,,,0,0,0,0,0,0,0,1,1,0,0,0,0,0,1,0,1,0,0,0,0,0,0,0,0,1,0,1,0,1,1,0,1,1,0,1
https://camping.ch/de/campingplatz/tessin/vira-gambarogno/camping-bellavista?l=true,Camping Bellavista,6574 Vira Gambarogno (TI),,2,11,26,01.11.2024 − 01.11.2024,,,,,,,0,0,0,0,0,1,0,1,1,0,0,0,1,0,1,0,1,0,0,0,0,0,0,0,0,1,0,0,1,0,1,1,1,0,0,0
https://camping.ch/de/campingplatz/freiburg-neuenburg-jura/le-locle/camping-la-belle-verte?l=true,Camping La Belle Verte,2400 Le Locle (NE),,2,7,38,01.05.2024 − 24.10.2024,,,,,,,0,0,0,0,0,0,0,0,0,0,0,0,0,0,1,0,0,0,0,0,0,0,0,0,0,1,1,1,0,0,0,1,1,1,0,0
https://camping.ch/de/campingplatz/berner-oberland/interlaken-thunersee/manor-farm?l=true,Manor Farm,3800 Interlaken-Thunersee (BE),www.manorfarm.ch,5,11,127,01.01.2024 − 31.12.2024,,,,,,,0,0,0,0,0,0,0,1,1,0,0,0,0,0,0,0,0,0,0,0,0,0,0,0,0,1,0,0,1,0,0,1,1,1,0,0
https://camping.ch/de/campingplatz/zentralschweiz/giswil/camping-international-giswil-sarnersee?l=true,Camping International Giswil Sarnersee,6074 Giswil (OW),www.camping-international.ch,4,5,100,22.03.2024 − 13.10.2024,,,,,,,0,0,0,0,0,1,0,1,1,0,1,0,1,1,1,1,1,0,1,0,1,1,0,0,0,1,1,1,1,0,0,1,1,1,0,1
https://camping.ch/de/campingplatz/nordwestschweiz/frick/frick?l=true,Frick,5070 Frick (AG),,4,2,30,01.04.2024 − 31.10.2024,,,,,,,0,0,0,0,0,0,0,0,0,0,0,0,0,0,0,0,0,0,0,0,0,0,0,0,0,1,1,0,0,0,0,0,1,0,0,0
https://camping.ch/de/campingplatz/graubuenden/surcuolm/camping-surcuolm?l=true,Camping Surcuolm,7138 Surcuolm (GR),,4,10,30,01.01.2024 − 31.12.2024,,,,,,,0,0,0,0,0,0,0,0,0,0,0,0,0,0,1,0,1,0,0,0,0,0,0,0,0,1,1,1,0,0,0,0,1,1,0,1
https://camping.ch/de/campingplatz/ostschweiz/egnach/camping-seehorn?l=true,Camping Seehorn,9322 Egnach (TG),,4,10,100,01.04.2024 − 29.11.2024,,,,,,,0,0,0,0,0,1,0,0,0,0,0,0,0,0,0,0,0,0,0,0,1,1,0,0,0,1,0,0,0,0,1,1,0,1,0,0
https://camping.ch/de/campingplatz/ostschweiz/altenrhein/camping-idyll?l=true,Camping Idyll,9423 Altenrhein (SG),,4,8,23,01.04.2024 − 30.09.2024,,,,,,,1,0,1,0,1,1,1,1,0,0,1,0,1,1,0,1,1,0,1,1,0,1,1,0,0,1,1,1,1,0,0,0,1,0,0,1
https://camping.ch/de/campingplatz/zuerich/hittnau/camping-waldhof?l=true,Camping Waldhof,8335 Hittnau (ZH),,4,6,50,01.01.2024 − 31.12.2024,,,,,,,0,0,0,0,1,1,1,0,0,0,1,0,0,1,1,0,0,0,0,0,0,0,1,0,1,1,0,1,0,0,0,1,1,0,0,1
https://camping.ch/de/campingplatz/berner-oberland/lenk/seegarten?l=true,Seegarten,3775 Lenk (BE),,3,6,20,01.01.2024 − 15.04.2024,15.05.2024 − 31.10.2024,01.12.2024 − 31.12.2024,,,,,0,0,0,0,0,0,0,0,0,0,0,0,0,0,0,0,0,0,0,0,0,0,0,0,0,1,1,1,0,1,1,1,1,1,0,1
https://camping.ch/de/campingplatz/zuerich/maur/maurholz?l=true,Maurholz,8124 Maur (ZH),,4,11,25,01.04.2024 − 15.10.2024,,,,,,,0,0,0,0,0,1,0,1,1,0,1,0,0,1,0,0,1,0,1,0,1,1,1,0,0,1,1,1,1,0,0,0,1,0,0,0
https://camping.ch/de/campingplatz/wallis/st-maurice/camping-du-bois-noir?l=true,Camping du Bois-Noir,1890 St-Maurice (VS),,2,6,43,01.04.2024 − 31.10.2024,,,,,,,0,0,0,0,1,0,1,0,0,0,1,0,1,0,0,0,0,0,0,0,1,1,1,0,0,1,0,0,0,0,0,0,1,0,0,0
https://camping.ch/de/campingplatz/graubuenden/trun/campadi-trun?l=true,Campadi Trun,7166 Trun (GR),,0,2,60,12.05.2024 − 31.10.2024,,,,,,,0,0,0,0,0,0,0,0,0,0,0,0,0,0,1,1,1,0,1,1,1,0,1,0,0,1,1,1,0,0,1,1,1,0,0,1
https://camping.ch/de/campingplatz/zentralschweiz/alpnachstad/bachmattli?l=true,Bachmattli,6053 Alpnachstad (OW),,3,11,20,01.04.2024 − 15.10.2024,,,,,,,0,0,0,0,0,0,0,0,0,0,0,0,0,0,0,0,0,1,1,1,0,1,0,0,0,1,1,1,1,0,0,1,0,0,0,0
https://camping.ch/de/campingplatz/zentralschweiz/unteriberg/camping-forellenhof?l=true,Camping Forellenhof,8842 Unteriberg (SZ),,3,8,10,01.01.2024 − 31.12.2024,,,,,,,0,0,0,0,0,0,0,1,1,0,0,0,1,1,1,1,1,1,1,0,0,0,0,0,0,1,1,1,1,0,1,1,1,0,0,0
https://camping.ch/de/campingplatz/waadt-genfersee/grandson/le-p-cos?l=true,Le Pécos,1422 Grandson (VD),,3,7,90,01.04.2024 − 30.09.2024,,,,,,,0,0,0,0,0,0,0,0,0,0,0,0,0,0,1,0,1,0,0,0,0,0,0,0,0,1,0,1,0,0,0,1,1,0,0,0
https://camping.ch/de/campingplatz/ostschweiz/wagenhausen/wagenhausen?l=true,Wagenhausen,8259 Wagenhausen (TG),www.campingwagenhausen.ch,4,7,40,25.03.2024 − 30.10.2024,,,,,,,0,0,0,0,1,1,1,1,1,0,1,0,1,1,1,1,1,1,1,1,1,0,0,0,1,1,1,1,0,0,1,1,1,1,0,0
https://camping.ch/de/campingplatz/tessin/taverne/campeggio-taverne?l=true,Campeggio Taverne,6807 Taverne (TI),,2,5,120,01.04.2024 − 15.10.2024,,,,,,,0,0,0,0,0,0,0,0,0,0,0,0,0,0,0,0,1,0,0,0,0,0,0,0,0,1,0,0,0,1,1,1,1,0,0,0
https://camping.ch/de/campingplatz/waadt-genfersee/yvonand/la-menthue?l=true,La Menthue,1462 Yvonand (VD),,3,6,100,25.03.2024 − 24.09.2024,,,,,,,1,0,0,0,0,0,0,0,1,0,1,0,0,0,1,0,1,0,1,1,1,1,0,0,0,1,1,1,1,0,0,1,1,0,0,0
https://camping.ch/de/campingplatz/nordwestschweiz/laeufelfingen/neuhaus?l=true,Neuhaus,4448 Läufelfingen (BL),,2,8,20,15.04.2024 − 31.10.2024,,,,,,,0,0,0,0,0,0,0,0,0,0,0,0,0,0,0,0,0,0,0,0,0,0,0,0,0,0,0,0,0,0,0,1,1,0,0,0
https://camping.ch/de/campingplatz/graubuenden/vicosoprano/camping-mulina?l=true,Camping Mulina,7603 Vicosoprano (GR),,3,0,127,01.05.2024 − 31.10.2024,,,,,,,0,0,0,0,0,0,0,0,0,0,0,0,0,0,1,1,1,0,1,0,0,0,1,0,0,1,1,1,0,1,0,0,1,0,0,0
https://camping.ch/de/campingplatz/zentralschweiz/schuepfheim/bad-schuepfheim?l=true,Campingplatz Bad,6170 Schüpfheim (LU),,3,0,10,01.01.2024 − 31.12.2024,,,,,,,0,0,0,0,0,0,0,0,0,0,0,0,0,0,1,0,1,0,0,0,0,0,0,0,0,0,0,1,0,0,0,1,1,0,0,1
https://camping.ch/de/campingplatz/waadt-genfersee/avenches/camping-port-plage?l=true,Camping Port Plage Avenches,1580 Avenches (VD),www.camping-avenches.ch,0,8,250,Nebensaison 1: 01.04.2024 − 30.06.2024,Hauptsaison: 01.07.2024 − 15.08.2024,Nebensaison 2: 16.08.2024 − 29.09.2024,,,,,0,0,0,0,0,1,0,0,0,1,1,0,1,0,0,1,1,0,0,1,1,1,0,0,0,1,1,0,1,0,0,1,1,0,0,0
https://camping.ch/de/campingplatz/berner-oberland/adelboden/albo?l=true,Ferienlager ALBO,3715 Adelboden (BE),,2,8,1,01.06.2024 − 01.10.2024,,,,,,,1,0,0,0,0,0,0,1,0,0,0,0,0,0,1,0,0,0,0,0,0,0,0,0,0,0,1,0,0,0,0,1,0,0,0,0
https://camping.ch/de/campingplatz/berner-oberland/interlaken/tcs-camping-interlaken?l=true,TCS Camping Interlaken,3800 Interlaken (BE),,3,11,105,01.04.2024 − 17.10.2024,,,,,,,0,0,0,0,0,0,0,0,0,0,0,0,0,0,1,0,0,0,0,0,0,0,0,0,0,1,1,1,0,1,1,1,1,1,1,0
https://camping.ch/de/campingplatz/wallis/saas-grund/mischabel?l=true,Mischabel,3910 Saas Grund (VS),,3,9,100,01.06.2024 − 15.10.2024,,,,,,,0,0,0,0,0,0,0,0,0,0,0,0,0,0,0,0,0,0,0,0,0,0,0,0,0,1,0,0,0,0,0,0,1,0,0,0
https://camping.ch/de/campingplatz/berner-oberland/schwenden-im-diemtigtal/camping-eggmatte-diemtigtal?l=true,"Camping Eggmatte, Diemtigtal",3757 Schwenden im Diemtigtal (BE),,4,2,12,01.01.2024 − 31.12.2024,,,,,,,0,0,0,0,0,0,0,0,0,0,0,0,0,1,1,1,1,1,0,0,0,0,0,0,0,1,1,1,0,0,1,0,1,1,0,1
https://camping.ch/de/campingplatz/berner-oberland/luetschental/dany-s-camp?l=true,Dany's Camping,3816 Lütschental (BE),,3,11,40,01.05.2024 − 15.10.2024,,,,,,,0,0,0,0,0,0,0,0,0,0,0,0,0,0,1,0,0,0,0,0,0,0,0,0,0,1,0,1,0,0,0,1,0,1,0,0
https://camping.ch/de/campingplatz/wallis/randa/attermenzen?l=true,Camping Attermenzen Randa,3928 Randa (VS),www.campingranda.ch,3,9,500,01.06.2024 − 01.10.2024,,,,,,,0,0,0,0,0,0,0,0,0,0,1,0,1,0,0,1,1,0,1,1,1,1,1,0,1,1,1,1,0,0,1,1,1,0,0,0
https://camping.ch/de/campingplatz/wallis/la-fouly-val-ferret/des-glaciers?l=true,Camping des Glaciers,1944 La Fouly - Val Ferret (VS),www.camping-glaciers.ch,4,0,298,Nebensaison 1: 08.05.2024 − 05.07.2024,Hauptsaison: 06.07.2024 − 30.08.2024,Nebensaison 2: 31.08.2024 − 06.10.2024,,,,,0,0,0,0,0,0,0,0,0,0,1,0,1,1,0,0,1,0,0,0,1,1,1,0,0,1,1,0,0,0,1,0,1,0,0,0
https://camping.ch/de/campingplatz/berner-oberland/grindelwald/camping-eigernordwand?l=true,Camping Eigernordwand,3818 Grindelwald (BE),,4,11,60,Wintersaison 2024: 26.12.2023 − 06.04.2024,Sommersaison: 17.05.2024 − 06.10.2024,Wintersaison 2024/2025: 20.12.2024 − 06.04.2025,,,,,0,0,0,0,0,0,0,0,0,0,1,0,0,0,1,1,0,0,1,1,0,1,0,0,0,1,1,1,0,0,1,1,1,0,0,0
https://camping.ch/de/campingplatz/graubuenden/arosa/camping-arosa?l=true,Camping Arosa,7050 Arosa (GR),,2,9,20,12.06.2023 − 15.04.2024,,,,,,,0,0,0,0,0,0,0,1,1,0,0,0,0,1,1,0,1,1,1,0,0,0,0,0,0,1,1,1,1,0,1,1,1,1,0,0
https://camping.ch/de/campingplatz/berner-oberland/hasliberg-goldern/camping-hofstatt-derfli?l=true,Camping Hofstatt - Derfli,6085 Hasliberg Goldern (BE),,4,11,40,15.05.2024 − 31.10.2024,15.12.2023 − 30.04.2024,,,,,,0,0,0,0,0,0,0,0,0,0,0,0,0,1,1,0,1,0,0,0,0,0,0,0,0,1,0,1,0,0,0,0,1,1,0,0
https://camping.ch/de/campingplatz/ostschweiz/murg/camping-murg-am-see?l=true,Camping Murg am See,8877 Murg (SG),www.murg-camping.ch,3,11,45,01.04.2024 − 15.10.2024,,,,,,,0,0,0,0,0,1,0,0,0,0,1,0,0,0,0,0,0,0,0,0,1,0,0,0,0,1,0,1,1,0,0,1,1,1,0,0
https://camping.ch/de/campingplatz/tessin/losone/riposo?l=true,Riposo,6616 Losone (TI),,2,11,75,01.04.2024 − 31.10.2024,,,,,,,0,0,0,0,0,0,0,0,1,0,0,0,0,0,0,0,0,0,0,0,0,0,0,0,0,0,0,0,0,1,0,1,1,0,0,0
https://camping.ch/de/campingplatz/waadt-genfersee/satigny/geneva-city-camping?l=true,Geneva City Camping,1242 Satigny (GE),,4,6,127,01.01.2024 − 31.12.2024,,,,,,,0,0,0,0,0,0,0,0,0,0,0,0,0,0,0,0,1,0,0,0,0,0,1,0,0,1,0,0,0,0,0,0,1,1,0,1
https://camping.ch/de/campingplatz/nordwestschweiz/kuenten/sulz?l=true,Sulz,5444 Künten (AG),,3,7,50,15.03.2024 − 31.10.2024,,,,,,,0,0,0,0,0,0,0,1,0,0,0,0,0,0,0,0,1,0,0,0,0,0,0,0,0,1,0,0,0,0,1,0,1,0,0,0
https://camping.ch/de/campingplatz/zentralschweiz/morgarten/camping_chaellermatt?l=true,Campingplatz Chällermatt,6315 Morgarten (ZG),,0,11,5,Hauptsaison: 01.04.2024 − 30.10.2024,,,,,,,0,0,0,0,0,1,0,0,0,0,0,0,0,0,0,0,1,1,1,0,0,0,0,0,0,0,0,1,1,0,0,0,0,0,0,0
https://camping.ch/de/campingplatz/tessin/astano/campeggio-al-parco-d-oro?l=true,Campeggio al parco d'oro,6999 Astano (TI),,3,3,48,01.05.2024 − 14.10.2024,,,,,,,0,0,0,0,0,0,0,0,0,0,1,0,1,1,1,0,1,0,1,0,0,0,0,0,1,1,1,1,1,0,1,0,1,0,0,0
https://camping.ch/de/campingplatz/berner-oberland/zweisimmen/camping-vermeille?l=true,Camping Vermeille,3770 Zweisimmen (BE),,4,3,25,01.01.2024 − 31.12.2024,,,,,,,0,0,0,0,0,1,1,0,0,0,0,0,1,1,1,1,1,1,1,0,0,1,1,0,0,1,1,1,0,0,1,1,1,1,0,1
https://camping.ch/de/campingplatz/zentralschweiz/engelberg/campingplatz-eienwaeldli?l=true,Campingplatz Eienwäldli,6390 Engelberg (OW),,5,11,130,01.01.2024 − 31.12.2024,,,,,,,0,0,0,1,0,1,1,0,1,1,1,0,1,0,1,1,1,1,1,1,1,0,1,0,1,1,1,1,0,0,0,0,1,0,1,0
https://camping.ch/de/campingplatz/berner-oberland/kiental/blueemlisalp?l=true,Blüemlisalp,3723 Kiental (BE),,3,6,15,01.01.2024 − 31.12.2024,,,,,,,0,0,0,0,0,0,0,0,0,0,0,0,0,0,1,0,0,0,0,0,0,0,0,0,0,1,1,1,0,0,1,1,1,0,0,0
https://camping.ch/de/campingplatz/ostschweiz/baechli-hemberg/baechli?l=true,Bächli,9633 Bächli-Hemberg (SG),www.camping-baechli.ch,4,2,40,01.01.2024 − 31.12.2024,,,,,,,0,0,0,0,0,0,0,0,1,0,1,0,1,1,1,1,1,1,1,0,0,1,0,0,0,1,1,1,0,0,0,0,1,0,0,1
https://camping.ch/de/campingplatz/wallis/ritzingen/camping-brigga?l=true,Brigga Camping,3989 Ritzingen (VS),,0,1,,Hauptsaison: 08.05.2024 − 31.10.2024,,,,,,,0,0,0,0,0,0,0,0,0,0,0,0,0,0,1,0,1,0,0,0,1,0,0,0,0,0,0,1,0,0,1,1,0,0,0,0
https://camping.ch/de/campingplatz/freiburg-neuenburg-jura/st-ursanne/camping-de-tariche?l=true,Camping de Tariche,2882 Saint-Ursanne (JU),,4,1,25,01.04.2024 − 31.10.2024,,,,,,,0,0,0,0,0,0,0,0,0,0,0,0,0,0,1,0,1,0,0,0,0,0,0,0,0,1,0,1,1,0,1,0,0,1,0,0
https://camping.ch/de/campingplatz/zentralschweiz/sursee/sursee-waldheim?l=true,Sursee Waldheim,6210 Sursee (LU),,3,6,30,01.04.2024 − 25.10.2024,,,,,,,0,0,0,0,0,0,0,0,1,0,1,0,1,1,1,0,1,1,1,0,1,1,1,0,0,1,1,0,0,0,0,1,1,1,0,0
https://camping.ch/de/campingplatz/graubuenden/rona/wohnmobilstellplatz-rona?l=true,Stellplatz Rona,7454 Rona (GR),,0,3,30,01.01.2024 − 31.12.2024,,,,,,,0,0,0,0,0,1,0,0,0,0,0,0,0,1,0,0,1,1,1,1,1,1,1,0,0,1,1,1,0,0,1,0,1,0,0,0
https://camping.ch/de/campingplatz/wallis/bourg-saint-pierre/camping-du-grand-saint-bernard?l=true,Camping du Grand-Saint-Bernard,1946 Bourg-Saint-Pierre (VS),,2,0,50,15.05.2024 − 15.10.2024,,,,,,,0,0,0,0,0,0,0,0,0,0,0,0,0,0,0,0,0,0,0,0,0,0,0,0,0,1,0,0,0,0,0,0,1,0,0,0
https://camping.ch/de/campingplatz/zuerich/hausen-am-albis/tuerlersee?l=true,Türlersee,8915 Hausen am Albis (ZH),,0,10,50,01.04.2024 − 15.10.2024,,,,,,,0,0,0,0,0,0,0,0,0,0,0,0,0,0,1,0,1,0,0,1,0,0,0,0,0,1,0,1,0,0,0,0,1,0,0,0
https://camping.ch/de/campingplatz/ostschweiz/walenstadt/see-camping?l=true,See-Camping,8880 Walenstadt (SG),,3,9,50,01.05.2024 − 01.09.2024,,,,,,,0,0,0,0,0,0,0,1,0,0,0,0,0,0,1,0,0,0,0,0,0,0,0,0,0,1,0,1,1,0,0,1,0,1,0,0
https://camping.ch/de/campingplatz/graubuenden/rueras/camping_viva?l=true,Camping Viva,7189 Rueras (GR),,0,3,100,01.05.2024 − 31.10.2024,01.12.2024 − 30.03.2025,,,,,,0,0,0,0,0,1,0,0,0,0,1,0,0,0,0,0,1,0,1,1,0,1,0,0,0,1,1,1,0,0,1,1,0,0,0,0
https://camping.ch/de/campingplatz/zuerich/guetighausen/guetighausen?l=true,Gütighausen,8478 Gütighausen (ZH),,2,10,80,01.04.2024 − 30.09.2024,,,,,,,0,0,0,0,0,1,0,0,0,0,0,0,0,1,0,1,1,0,1,0,0,0,0,0,0,0,0,1,0,0,1,0,1,0,0,1
https://camping.ch/de/campingplatz/tessin/melano/paradiso-lago?l=true,Paradiso Lago,6818 Melano (TI),www.camping-paradiso.ch,4,11,127,30.03.2024 − 28.10.2024,,,,,,,0,0,0,0,0,0,0,1,1,0,0,0,1,0,0,0,0,0,0,0,0,0,0,0,0,1,0,0,0,0,0,1,1,0,0,0
https://camping.ch/de/campingplatz/berner-oberland/ringgenberg-bei-interlaken/camping-talacker?l=true,Camping Talacker,3852 Ringgenberg bei Interlaken (BE),,3,11,45,Hauptsaison: 01.05.2024 − 27.10.2024,,,,,,,0,0,0,0,0,0,0,0,0,0,1,0,1,1,1,0,1,0,1,0,1,1,0,0,0,1,1,1,0,1,0,1,1,1,0,0
https://camping.ch/de/campingplatz/waadt-genfersee/yvonand/pointe-d-yvonand-vd-8?l=true,Pointe d`Yvonand VD 8,1462 Yvonand (VD),,3,6,127,01.04.2024 − 30.09.2024,,,,,,,0,0,0,0,0,0,0,0,0,0,0,0,0,0,1,0,0,0,0,0,0,0,0,0,0,0,0,1,0,0,0,1,1,0,0,0
https://camping.ch/de/campingplatz/zentralschweiz/goldau/bernerhoehe?l=true,Bernerhöhe,6410 Goldau (SZ),,4,11,20,01.01.2024 − 31.12.2024,,,,,,,0,0,0,0,0,0,0,0,0,0,0,0,0,0,1,0,0,0,0,0,0,0,0,0,0,0,0,1,0,0,0,1,0,0,0,1
https://camping.ch/de/campingplatz/wallis/raron/camping-santa-monica?l=true,Camping Santa Monica,3942 Raron (VS),www.santa-monica.ch,4,7,160,Nebensaison 1: 28.03.2024 − 30.06.2024,Hauptsaison: 01.07.2024 − 18.08.2024,Nebensaison 2: 19.08.2024 − 15.10.2024,,,,,0,0,0,0,0,0,1,0,1,1,1,0,1,1,1,1,1,1,1,1,1,1,1,0,1,1,1,1,0,0,1,1,1,1,0,0
https://camping.ch/de/campingplatz/wallis/sion/sedunum?l=true,Sedunum,1950 Sion (VS),,3,4,30,01.04.2024 − 31.10.2024,,,,,,,0,0,0,0,0,0,0,0,0,0,0,0,0,0,0,0,0,0,0,0,0,0,0,0,0,1,1,0,0,0,0,1,1,0,0,1
https://camping.ch/de/campingplatz/zentralschweiz/altdorf/byherger?l=true,Camping byherger,6460 Altdorf (UR),,0,7,5,01.01.2024 − 31.12.2024,,,,,,,0,0,0,0,0,0,0,0,0,0,0,0,0,0,0,0,0,0,0,0,0,0,0,0,0,0,0,0,0,0,0,0,0,0,0,0
https://camping.ch/de/campingplatz/freiburg-neuenburg-jura/la-chaux-de-fonds/bois-du-couvent?l=true,Bois du Couvent,2300 La Chaux-de-Fonds (NE),,3,7,40,01.05.2024 − 30.09.2024,,,,,,,0,0,0,0,0,0,0,0,1,0,0,0,0,0,1,0,1,0,0,0,0,0,0,0,0,1,1,1,0,1,0,1,1,1,0,0
https://camping.ch/de/campingplatz/wallis/saillon/camping-de-la-sarvaz?l=true,Camping de la Sarvaz,1913 Saillon (VS),www.sarvaz.ch,4,2,43,01.01.2024 − 31.12.2024,,,,,,,0,0,0,0,0,1,0,0,0,0,1,0,0,0,0,0,1,0,0,1,0,1,0,0,0,1,1,1,0,0,0,0,1,0,0,0
https://camping.ch/de/campingplatz/freiburg-neuenburg-jura/les-breuleux/les-cerneux?l=true,Les Cerneux,2345 Les Breuleux (JU),,4,4,60,01.01.2024 − 31.12.2024,,,,,,,0,0,0,0,0,0,0,0,1,0,0,0,0,0,0,0,1,0,0,0,0,0,0,0,0,1,1,0,0,0,0,1,1,0,0,0
https://camping.ch/de/campingplatz/ostschweiz/mammern/seewiese?l=true,Campingplatz Seewiese,8265 Mammern (TG),,0,10,,Vorsaison: 28.03.2024 − 07.05.2024,Hauptsaison: 08.05.2024 − 08.09.2024,Nachsaison: 09.09.2024 − 20.10.2024,,,,,0,0,0,0,0,1,0,0,0,0,1,0,0,0,0,1,1,0,1,0,0,0,1,0,0,0,0,0,1,0,0,1,1,0,0,0
https://camping.ch/de/campingplatz/tessin/tenero/campeggio-lido-mappo?l=true,Campeggio Lido Mappo,6598 Tenero (TI),,5,11,127,19.03.2024 − 01.11.2024,,,,,,,0,0,0,0,0,0,0,0,0,0,0,0,0,0,1,0,0,0,0,0,0,0,0,0,0,0,0,1,0,0,1,1,1,1,0,0
https://camping.ch/de/campingplatz/waadt-genfersee/chateau-d-oex/le-berceau?l=true,Le Berceau,1837 Chateau-d`Oex (VD),,3,2,60,01.01.2024 − 31.12.2024,,,,,,,0,0,0,0,0,0,1,0,0,0,1,0,1,0,1,0,1,0,0,1,0,0,0,0,0,1,0,1,0,1,1,1,1,1,0,0
https://camping.ch/de/campingplatz/berner-oberland/wilderswil/oberei?l=true,Oberei,3812 Wilderswil (BE),,3,11,60,01.05.2024 − 31.10.2024,,,,,,,0,0,0,0,0,0,0,0,0,0,0,0,0,1,1,0,0,0,0,0,0,0,1,0,0,1,1,1,0,0,0,1,1,1,0,0
https://camping.ch/de/campingplatz/ostschweiz/altnau/camping-ruderbaum?l=true,Camping Ruderbaum,8595 Altnau (TG),,4,8,50,01.04.2024 − 31.10.2024,,,,,,,0,0,0,0,0,0,0,0,0,0,0,0,0,0,0,1,1,0,0,0,0,0,0,0,0,1,1,0,1,0,0,1,0,1,0,0
https://camping.ch/de/campingplatz/waadt-genfersee/chevroux/de-chevroux?l=true,De Chevroux,1545 Chevroux (VD),,1,3,30,01.05.2024 − 30.09.2024,,,,,,,0,0,0,0,0,0,0,0,0,0,0,0,0,0,1,0,1,0,0,0,0,0,0,0,0,1,0,1,1,0,0,1,1,1,0,0
https://camping.ch/de/campingplatz/zentralschweiz/ennetmoos/hostetten?l=true,Hostetten,6372 Ennetmoos (NW),,0,11,6,01.04.2024 − 31.10.2024,,,,,,,0,0,0,0,0,0,0,0,0,0,0,0,0,0,0,0,1,0,0,0,0,0,0,0,0,0,0,0,0,0,0,0,0,0,0,0
https://camping.ch/de/campingplatz/waadt-genfersee/v-senaz/tcs-camping-gen-ve-v-senaz?l=true,TCS Camping Genève - Vésenaz,1222 Vésenaz (GE),,5,7,127,01.04.2024 − 24.10.2024,,,,,,,0,0,0,0,0,0,0,0,1,0,0,0,0,0,1,0,0,0,0,0,0,0,0,0,0,1,0,0,1,0,0,0,1,1,1,0
https://camping.ch/de/campingplatz/berner-oberland/grindelwald/gletscherdorf?l=true,Gletscherdorf,3818 Grindelwald (BE),,3,11,80,01.05.2024 − 20.10.2024,,,,,,,0,0,0,0,0,0,0,0,0,0,0,0,0,0,1,0,0,0,0,0,0,1,0,0,0,0,0,1,0,1,1,1,1,0,0,0
https://camping.ch/de/campingplatz/graubuenden/trin-mulin/camping-trin?l=true,Camping Trin,7016 Trin Mulin (GR),,0,11,120,01.01.2024 − 31.12.2024,,,,,,,0,0,0,0,0,0,0,0,0,0,0,0,0,0,0,0,1,0,0,0,0,0,0,0,0,1,1,1,1,0,0,0,1,0,0,1
https://camping.ch/de/campingplatz/tessin/monteggio/tresiana?l=true,Camping Tresiana,6998 Monteggio (TI),www.camping-tresiana.ch,4,2,95,23.03.2024 − 20.10.2024,,,,,,,1,0,0,0,1,1,1,0,0,1,1,0,1,1,1,1,1,1,1,1,1,1,0,0,0,1,1,1,0,1,1,0,1,0,0,1
https://camping.ch/de/campingplatz/nordwestschweiz/bad-zurzach/camping-bad-zurzach?l=true,Camping Bad Zurzach,5330 Bad Zurzach (AG),,4,3,40,24.03.2024 − 27.10.2024,,,,,,,0,0,0,0,0,0,0,0,1,0,0,0,0,0,0,0,1,0,0,0,0,0,0,0,0,1,1,0,0,1,1,1,1,0,0,1
https://camping.ch/de/campingplatz/ostschweiz/winden/camping-manser?l=true,Camping Manser,9315 Winden (TG),,3,11,20,01.04.2024 − 31.10.2024,,,,,,,0,0,0,0,0,0,0,0,1,0,1,0,0,1,0,0,1,1,1,0,0,1,0,0,0,0,0,0,0,0,0,1,0,1,0,0
https://camping.ch/de/campingplatz/wallis/salgesch/swiss-plage?l=true,Swiss Plage,3970 Salgesch (VS),www.swissplage.ch,4,9,80,31.03.2024 − 31.10.2024,,,,,,,0,0,0,0,0,0,0,0,0,0,1,0,1,0,0,0,1,0,0,1,1,1,0,0,0,1,1,0,1,0,0,1,1,1,0,0
https://camping.ch/de/campingplatz/ostschweiz/mammern/guldifuss?l=true,Guldifuss,8265 Mammern (TG),,2,10,60,01.04.2024 − 31.10.2024,,,,,,,0,0,0,0,0,0,0,0,0,0,0,0,0,0,0,0,0,0,0,0,0,0,0,0,0,1,0,1,0,0,0,1,0,1,0,0
https://camping.ch/de/campingplatz/ostschweiz/frauenfeld/aumuehle?l=true,Aumühle,8500 Frauenfeld (TG),,2,9,15,01.04.2024 − 31.10.2024,,,,,,,0,0,0,0,0,0,0,0,0,0,0,0,0,0,0,0,0,0,0,0,0,0,1,0,0,1,0,0,0,0,1,1,1,0,0,1
https://camping.ch/de/campingplatz/wallis/raron/simplonblick?l=true,Camping Simplonblick,3942 Raron (VS),www.simplonblick.ch,0,7,80,Nebensaison 1: 01.01.2024 − 30.06.2024,Hauptsaison: 01.07.2024 − 18.08.2024,Nebensaison 2: 19.08.2024 − 31.12.2024,,,,,0,0,0,0,0,0,0,0,0,0,1,0,1,0,0,1,1,0,1,1,0,1,0,0,0,1,1,0,1,0,1,1,1,1,0,0
https://camping.ch/de/campingplatz/graubuenden/le-prese/camping-cavresc?l=true,Camping Cavresc,7746 Le Prese (GR),,4,0,70,01.01.2024 − 31.12.2024,,,,,,,0,0,0,0,0,0,0,0,0,0,0,0,0,0,1,0,1,0,1,0,0,0,1,0,0,1,1,1,0,1,0,1,1,1,0,0
https://camping.ch/de/campingplatz/zentralschweiz/seelisberg/naturcamping_seelisberg?l=true,Naturcamping Seelisberg,6377 Seelisberg (UR),,0,11,,Hauptsaison: 15.05.2024 − 13.09.2024,,,,,,,0,0,0,0,0,1,1,1,0,0,1,0,0,0,0,1,0,0,1,0,0,0,1,0,0,1,1,0,1,0,0,0,1,0,0,0
https://camping.ch/de/campingplatz/berner-oberland/stechelberg/ruetti?l=true,Rütti,3824 Stechelberg (BE),,3,10,70,01.05.2024 − 30.09.2024,,,,,,,0,0,0,0,0,0,0,0,0,0,0,0,0,1,1,0,1,0,0,0,0,0,0,0,0,0,0,1,0,0,1,1,1,1,0,0
https://camping.ch/de/campingplatz/berner-mitelland/gohl/mettlen?l=true,Mettlen,3553 Gohl (BE),,3,1,50,01.01.2024 − 31.12.2024,,,,,,,0,0,0,0,0,0,0,0,0,0,0,0,0,0,0,0,1,0,0,0,0,0,0,0,0,1,0,0,0,0,0,1,1,0,0,0
https://camping.ch/de/campingplatz/graubuenden/spluegen/camping-spluegen?l=true,Camping Splügen,7435 Splügen (GR),,3,2,35,01.01.2024 − 31.12.2024,,,,,,,0,0,1,0,0,0,0,0,1,0,1,0,1,1,1,0,1,1,1,0,1,1,1,0,0,1,1,1,0,0,1,0,1,1,0,0
https://camping.ch/de/campingplatz/zentralschweiz/luzern/camping-international-lido-luzern?l=true,Camping International Lido Luzern,6005 Luzern (LU),www.camping-international.ch,4,11,135,01.01.2024 − 31.12.2024,,,,,,,0,0,0,0,0,0,0,1,1,0,0,0,1,1,1,1,1,0,1,1,1,0,0,0,0,1,1,0,1,0,1,1,1,0,0,1
https://camping.ch/de/campingplatz/berner-oberland/kandersteg/rendez-vous?l=true,Camping Rendez-Vous,3718 Kandersteg (BE),,3,6,40,01.01.2024 − 31.12.2024,,,,,,,0,0,0,0,0,0,0,0,0,0,1,0,0,1,1,0,1,1,1,1,1,0,1,0,0,1,1,1,0,0,1,1,1,1,0,0
https://camping.ch/de/campingplatz/wallis/susten/camping-monument?l=true,Camping Monument,3952 Susten (VS),www.campingmonument.ch,3,6,170,01.05.2024 − 24.09.2024,,,,,,,0,0,0,0,1,0,0,0,1,0,1,0,0,0,1,0,1,0,0,0,1,0,1,0,0,1,0,1,0,0,1,1,1,0,0,0
https://camping.ch/de/campingplatz/freiburg-neuenburg-jura/marin-epagnier/la-t-ne-plage?l=true,TCS Camping La Tène Neuenburgersee,2074 Marin-Epagnier (NE),,3,5,80,01.04.2024 − 30.09.2024,,,,,,,0,0,0,0,0,0,0,0,1,0,0,0,0,0,1,0,0,0,0,0,0,0,0,0,0,1,1,1,0,0,0,1,1,1,0,0
https://camping.ch/de/campingplatz/zentralschweiz/buochs/tcs-camping-buochs-vierwaldstaettersee?l=true,TCS Camping Buochs Vierwaldstättersee,6374 Buochs (NW),,3,11,97,01.04.2024 − 24.10.2024,,,,,,,0,0,0,0,0,0,0,0,0,0,0,0,0,0,0,0,1,0,0,0,0,0,0,0,0,1,0,1,0,1,0,0,1,1,1,0
https://camping.ch/de/campingplatz/graubuenden/lenz-b-lenzerheide/st-cassian?l=true,Camping St. Cassian,7083 Lenz b. Lenzerheide (GR),camping-lenzerheide.ch/de/camping-st-cassian/home/,3,7,70,01.01.2024 − 31.12.2024,,,,,,,0,0,0,0,0,0,0,0,1,0,1,0,1,0,1,1,1,1,1,1,0,0,0,0,0,1,1,1,0,0,0,1,1,1,0,0
https://camping.ch/de/campingplatz/freiburg-neuenburg-jura/r-cl-re/les-grottes?l=true,Les Grottes,2912 Réclère (JU),,3,0,127,12.04.2024 − 30.11.2024,,,,,,,0,0,0,0,0,0,0,0,0,0,0,0,0,0,0,0,0,0,0,0,0,0,0,0,0,0,0,1,0,1,0,1,1,1,0,0
https://camping.ch/de/campingplatz/tessin/tenero/miralago?l=true,Camping & Palmbeach-Resort Miralago,6598 Tenero (TI),www.camping-miralago.ch,5,11,110,01.01.2024 − 31.12.2024,,,,,,,0,0,0,0,0,0,1,0,0,1,1,0,1,1,1,1,1,0,1,1,1,1,1,0,1,1,1,1,1,0,1,1,1,1,0,0
https://camping.ch/de/campingplatz/berner-oberland/gwatt/tcs-camping-thunersee?l=true,TCS Camping Gwatt Thunersee,3645 Gwatt (BE),,4,11,127,01.04.2024 − 24.10.2024,,,,,,,0,0,0,0,0,0,0,0,0,0,0,0,0,0,1,0,0,0,0,0,0,0,0,0,0,1,0,1,1,0,0,1,1,1,1,0
https://camping.ch/de/campingplatz/nordwestschweiz/wil-ag-mettauertal/waldesruh?l=true,Waldesruh,5276 Wil AG / Mettauertal (AG),,4,0,30,01.04.2024 − 31.10.2024,,,,,,,1,0,0,0,0,0,1,0,0,0,1,0,1,1,1,0,1,1,1,1,1,1,0,0,0,1,1,1,0,0,1,0,1,1,0,0
https://camping.ch/de/campingplatz/wallis/nax/grand-paradis?l=true,Alp Safari,1973 Nax (VS),,3,8,60,01.04.2024 − 30.09.2024,,,,,,,0,0,0,0,0,0,0,0,0,0,0,0,0,0,0,0,0,0,0,0,0,0,0,0,0,1,0,0,0,0,0,1,1,0,0,0
https://camping.ch/de/campingplatz/ostschweiz/kreuzlingen/fischerhaus?l=true,Camping Fischerhaus,8280 Kreuzlingen (TG),,5,9,16,01.04.2024 − 22.10.2024,,,,,,,0,0,1,0,0,0,0,1,1,0,1,0,1,1,1,1,0,1,1,1,1,1,0,0,0,1,1,1,1,0,1,1,1,1,1,0
https://camping.ch/de/campingplatz/wallis/brig/geschina?l=true,Camping Geschina,3900 Brig (VS),,4,11,127,21.04.2024 − 15.10.2024,,,,,,,0,0,0,0,0,0,0,0,0,0,0,0,0,0,0,0,1,0,0,0,0,0,0,0,0,1,0,0,0,0,1,0,1,0,0,0
https://camping.ch/de/campingplatz/berner-oberland/boenigen/tcs-camping-boenigen-interlaken?l=true,TCS Camping Bönigen - Interlaken,3806 Bönigen (BE),,4,11,107,01.04.2024 − 24.10.2024,,,,,,,0,0,0,0,0,0,0,0,0,0,0,0,0,0,1,0,0,0,0,0,0,0,0,0,0,1,0,1,1,0,0,1,1,1,1,0
https://camping.ch/de/campingplatz/freiburg-neuenburg-jura/cortaillod/petit-cortaillod-plage?l=true,Petit-Cortaillod-plage,2016 Cortaillod (NE),,2,3,12,01.04.2024 − 31.10.2024,,,,,,,0,0,0,0,0,0,0,0,0,0,0,0,0,0,0,0,0,0,0,0,0,0,0,0,0,1,0,1,0,0,0,1,1,1,0,0
https://camping.ch/de/campingplatz/berner-oberland/brienz/aaregg?l=true,Aaregg,3855 Brienz (BE),www.aaregg.ch,5,9,127,01.04.2024 − 31.10.2024,,,,,,,0,0,0,0,0,0,0,0,0,0,1,0,0,0,1,0,0,0,0,1,1,0,0,0,1,1,0,1,0,0,0,1,1,1,0,0
https://camping.ch/de/campingplatz/wallis/visp/camping-muehleye?l=true,Camping & Schwimmbad Mühleye,3930 Visp (VS),www.camping-visp.ch,4,10,190,Nebensaison 1: 24.03.2024 − 07.07.2024,Hauptsaison: 08.07.2024 − 19.08.2024,Nebensaison 2: 20.08.2024 − 31.10.2024,,,,,0,0,0,0,1,1,1,0,1,1,1,0,1,1,1,1,1,0,1,1,1,0,1,0,0,1,1,1,0,0,1,1,1,0,0,1
https://camping.ch/de/campingplatz/ostschweiz/triesen-liechtenstein/mittagsspitze?l=true,Camping Mittagsspitze,FL-9495 Triesen (Liechtenstein) (FL),www.campingtriesen.li,4,11,70,01.01.2024 − 31.12.2024,,,,,,,0,0,0,0,1,0,1,0,0,0,1,0,0,1,1,0,1,0,1,0,0,1,0,0,0,1,1,0,0,0,1,1,1,0,0,0
https://camping.ch/de/campingplatz/waadt-genfersee/vallorbe/camping-vallorbe-pr-sous-ville-?l=true,Camping Vallorbe - pré sous-ville,1337 Vallorbe (VD),,3,4,70,09.04.2024 − 09.10.2024,,,,,,,0,0,0,0,0,0,0,0,0,0,1,0,0,0,1,0,0,0,0,0,1,0,0,0,0,1,1,1,0,1,0,1,0,1,0,0
https://camping.ch/de/campingplatz/zuerich/ottenbach/reussbruecke?l=true,Reussbrücke,8913 Ottenbach (ZH),,4,3,30,26.03.2024 − 15.10.2024,,,,,,,0,0,0,0,1,0,0,0,0,0,1,0,0,0,0,0,1,0,0,1,0,1,0,0,0,1,0,0,0,0,1,0,1,0,0,0
https://camping.ch/de/campingplatz/nordwestschweiz/aarburg/wiggerspitz?l=true,Wiggerspitz,4663 Aarburg (AG),,0,8,50,29.03.2024 − 30.09.2024,,,,,,,0,0,0,0,0,0,0,0,0,0,0,0,0,0,0,1,1,0,0,1,0,0,0,0,0,1,1,1,0,0,1,1,1,0,0,1
https://camping.ch/de/campingplatz/freiburg-neuenburg-jura/les-brenets/camping-lac-des-brenets?l=true,Camping Lac des Brenets,2416 Les Brenets (NE),www.camping-brenets.ch,4,4,33,01.01.2024 − 31.12.2024,,,,,,,0,0,1,0,0,0,0,0,0,0,1,0,1,1,1,1,1,1,1,1,1,0,0,0,0,1,1,1,1,0,1,1,0,1,0,0
https://camping.ch/de/campingplatz/zentralschweiz/morschach/ferienhof-rueti?l=true,Ferienhof Rüti,6443 Morschach (SZ),www.ferienhof-rueti.ch,3,11,20,Sommer: 01.04.2024 − 31.10.2024,01.11.2024 − 31.03.2025,,,,,,0,0,0,0,0,0,0,0,1,0,1,0,1,1,1,0,0,1,0,0,0,0,1,0,0,1,0,1,0,0,0,0,1,0,0,0
https://camping.ch/de/campingplatz/freiburg-neuenburg-jura/la-neuveville/camping-de-la-plage-la-neuveville?l=true,Camping de la Plage,2520 La Neuveville (BE),,2,1,30,01.04.2024 − 30.09.2024,,,,,,,0,0,0,0,0,0,0,0,1,0,0,0,0,0,0,0,0,0,0,0,0,0,0,0,0,1,0,0,0,0,0,1,1,1,0,0
https://camping.ch/de/campingplatz/zuerich/wildberg/wildberg?l=true,Seiler Camping Wildberg AG,8489 Wildberg (ZH),,3,5,7,01.01.2024 − 31.12.2024,,,,,,,0,0,0,0,0,0,0,0,1,0,1,0,0,1,0,0,1,0,1,0,0,0,1,0,1,1,1,1,0,0,1,1,0,0,1,0
https://camping.ch/de/campingplatz/zentralschweiz/flueelen/camping-windsurfing-urnersee?l=true,Camping Windsurfing Urnersee,6454 Flüelen (UR),,3,11,15,01.05.2024 − 31.10.2024,,,,,,,0,0,0,0,0,1,0,0,0,0,0,0,1,0,0,0,1,0,0,0,1,0,1,0,0,0,0,1,1,0,1,1,1,0,0,0
https://camping.ch/de/campingplatz/wallis/salvan/van-d-en-haut?l=true,Van d'En Haut,1922 Salvan (VS),,1,6,60,01.06.2024 − 30.09.2024,,,,,,,0,0,0,0,0,0,0,0,0,0,0,0,0,0,0,0,0,0,0,0,0,0,0,0,0,1,0,0,0,0,1,1,1,0,0,1
https://camping.ch/de/campingplatz/graubuenden/silvaplana/silvaplana?l=true,Silvaplana,7513 Silvaplana (GR),,3,11,127,15.05.2024 − 15.10.2024,,,,,,,0,0,0,0,0,0,0,0,0,0,0,0,0,0,1,0,0,1,1,0,0,0,0,0,0,1,1,1,1,0,0,1,1,0,0,0
https://camping.ch/de/campingplatz/freiburg-neuenburg-jura/rebeuvilier/du-raimeux?l=true,Du Raimeux,2832 Rebeuvilier (JU),,2,4,8,01.01.2024 − 31.12.2024,,,,,,,0,0,0,0,0,0,0,0,0,0,0,0,0,0,0,0,1,0,0,0,0,0,0,0,0,1,0,0,0,0,0,0,0,1,0,0
https://camping.ch/de/campingplatz/zentralschweiz/willerzell/grueene-aff?l=true,Grüene Aff,8846 Willerzell (SZ),,3,11,20,01.01.2024 − 31.12.2024,,,,,,,0,0,0,0,0,0,0,0,0,0,0,0,0,0,1,0,0,0,0,0,0,0,0,0,0,0,0,1,1,0,0,1,1,1,0,0
https://camping.ch/de/campingplatz/waadt-genfersee/lausanne/camping-de-vidy?l=true,Camping de Vidy,1007 Lausanne (VD),www.clv.ch,4,8,127,Hauptsaison: 01.06.2024 − 30.09.2024,,,,,,,0,0,0,0,0,0,0,0,0,0,1,0,0,0,1,0,1,0,0,1,1,0,0,0,1,0,0,1,0,0,0,1,1,0,0,0
https://camping.ch/de/campingplatz/freiburg-neuenburg-jura/le-landeron/bellerive-le-landeron?l=true,Bellerive,2525 Le Landeron (NE),,0,1,5,01.04.2024 − 31.10.2024,,,,,,,0,0,0,0,0,0,0,0,0,0,0,0,0,0,1,0,0,0,0,0,0,0,0,0,0,1,0,1,0,0,0,1,0,1,0,0
https://camping.ch/de/campingplatz/waadt-genfersee/romainm-tier/le-nozon?l=true,Le Nozon,1349 Romainmôtier (VD),,2,4,25,01.04.2024 − 01.10.2024,,,,,,,0,0,0,0,0,0,0,0,0,0,0,0,0,0,1,0,0,0,0,0,0,0,0,0,0,0,0,1,0,1,0,1,1,0,0,0
https://camping.ch/de/campingplatz/graubuenden/mesocco/san-bernardino?l=true,Campeggio San Bernardino,6565 Mesocco (GR),,2,0,30,01.01.2024 − 31.12.2024,,,,,,,0,0,0,0,0,0,0,0,0,0,0,0,0,0,0,0,0,0,0,0,0,0,0,0,0,0,0,0,0,0,0,0,0,0,0,0
https://camping.ch/de/campingplatz/tessin/losone/camping-melezza?l=true,Camping Melezza,6616 Losone (TI),www.melezza.swiss,4,11,149,25.03.2024 − 31.10.2024,,,,,,,0,0,0,0,1,1,0,0,1,1,1,0,1,1,1,1,1,1,1,1,0,1,1,0,0,1,1,1,0,1,1,1,1,1,0,0
https://camping.ch/de/campingplatz/berner-oberland/iseltwald/du-lac?l=true,Camping du Lac - Iseltwald,3807 Iseltwald (BE),,3,11,20,01.04.2024 − 31.10.2024,,,,,,,0,0,0,0,0,0,0,0,0,0,0,0,0,0,0,0,1,0,0,0,0,0,0,0,0,1,0,1,1,0,0,0,1,1,0,0
https://camping.ch/de/campingplatz/berner-oberland/meiringen/balmweid?l=true,Camping Balmweid,ch-3860 Meiringen (BE),www.camping-meiringen.ch,3,11,100,01.04.2024 − 31.10.2024,,,,,,,0,0,0,0,0,0,0,0,1,0,1,0,1,1,0,1,1,1,1,1,1,1,1,0,1,1,1,1,0,0,1,1,1,1,0,0
https://camping.ch/de/campingplatz/ostschweiz/uttwil/campingplatz-amriswil?l=true,Campingplatz Amriswil,8592 Uttwil (TG),,3,4,40,01.04.2024 − 25.09.2024,,,,,,,0,0,0,0,0,1,0,0,0,0,1,0,0,1,0,1,1,1,0,1,0,0,0,0,0,1,1,0,1,0,0,1,0,0,0,0
https://camping.ch/de/campingplatz/graubuenden/disentis/tcs-camping-disentis?l=true,TCS Camping Disentis,7180 Disentis (GR),,4,2,127,23.04.2024 − 26.09.2024,,,,,,,0,0,0,0,0,0,0,0,0,0,0,0,0,0,1,0,0,0,0,0,0,0,0,0,0,1,1,1,1,0,0,1,1,1,1,0
https://camping.ch/de/campingplatz/tessin/avegno/piccolo-paradiso?l=true,Camping Piccolo Paradiso,6670 Avegno (TI),www.camping-piccoloparadiso.ch,4,11,200,01.04.2024 − 31.10.2024,,,,,,,0,0,0,0,0,1,1,0,0,1,1,0,0,1,1,1,1,0,1,1,1,1,1,0,1,1,1,1,0,1,1,0,1,1,0,0
https://camping.ch/de/campingplatz/waadt-genfersee/rolle/aux-vernes?l=true,Aux Vernes,1180 Rolle (VD),,3,1,117,31.03.2024 − 01.10.2024,,,,,,,0,0,0,0,0,0,0,0,0,0,0,0,0,0,1,0,0,0,0,0,0,0,0,0,0,1,0,0,1,0,0,1,0,0,0,0
https://camping.ch/de/campingplatz/berner-oberland/innertkirchen/aareschlucht?l=true,Aareschlucht,3862 Innertkirchen (BE),,3,11,45,01.05.2024 − 31.10.2024,,,,,,,0,0,0,0,0,0,0,0,1,0,1,0,0,0,0,0,0,1,0,0,0,1,0,0,0,1,1,1,0,0,0,1,1,1,0,0
https://camping.ch/de/campingplatz/freiburg-neuenburg-jura/le-noirmont/camping-du-creux-des-biches?l=true,Jura Bivouac,2340 Le Noirmont (JU),,0,4,0,01.01.2024 − 31.12.2024,,,,,,,0,0,0,0,0,0,0,0,0,0,0,0,0,0,0,0,0,0,0,0,0,0,0,0,0,0,0,0,0,0,0,0,0,0,0,0
https://camping.ch/de/campingplatz/zentralschweiz/sempach/tcs-camping-sempach?l=true,TCS Camping Sempach,6204 Sempach (LU),,4,4,230,27.03.2024 − 22.10.2024,,,,,,,1,0,0,0,0,1,1,1,1,1,1,0,1,0,1,1,1,1,1,1,0,1,1,0,0,1,1,1,1,0,0,1,1,1,1,0
https://camping.ch/de/campingplatz/freiburg-neuenburg-jura/les-paccots/le-bivouac?l=true,Le Bivouac,1619 Les Paccots (FR),,4,10,30,01.01.2024 − 31.12.2024,01.04.2024 − 30.09.2024,,,,,,0,0,0,0,0,0,0,0,1,0,0,0,0,0,1,0,0,0,0,0,0,0,0,0,0,0,0,1,0,1,0,1,1,0,0,0
https://camping.ch/de/campingplatz/ostschweiz/flumserberg-grossberg/hoefli?l=true,Höfli,8896 Flumserberg-Grossberg (SG),,3,7,20,01.01.2024 − 31.12.2024,,,,,,,0,0,0,0,0,0,0,0,0,0,0,0,0,0,1,0,0,0,0,0,0,0,0,0,0,1,0,1,0,1,0,1,1,0,0,0
https://camping.ch/de/campingplatz/berner-oberland/oberwil-im-simmental/camping-arnist?l=true,Camping Arnist,3765 Oberwil im Simmental (BE),,0,1,30,01.01.2024 − 31.12.2024,,,,,,,0,0,0,0,1,0,0,0,1,0,1,1,0,1,0,1,1,0,1,0,1,1,0,0,0,1,1,1,0,0,1,1,0,1,0,0
https://camping.ch/de/campingplatz/berner-mitelland/thoerishaus/camping-thoerishaus?l=true,Camping Thörishaus,3174 Thörishaus (BE),,3,2,60,01.04.2024 − 31.10.2024,,,,,,,0,0,0,0,0,0,0,0,0,0,0,0,0,0,0,0,1,0,1,1,0,0,0,0,0,1,1,1,0,0,0,1,1,0,0,0
https://camping.ch/de/campingplatz/berner-oberland/stechelberg/breithorn?l=true,Breithorn,3824 Stechelberg (BE),www.campingbreithorn.ch,3,11,40,01.01.2024 − 31.10.2024,,,,,,,0,0,0,0,0,0,0,0,0,0,0,0,0,0,1,0,0,0,0,0,0,0,0,0,0,0,0,1,0,0,1,1,1,1,0,1
https://camping.ch/de/campingplatz/berner-oberland/frutigen/frutigresort?l=true,Frutigresort,3714 Frutigen (BE),www.frutigresort.ch,4,5,75,Ganzjährig geöffnet: 01.01.2024 − 31.12.2024,,,,,,,1,0,1,1,1,1,1,0,1,0,1,0,1,1,1,1,1,0,1,1,1,0,1,0,1,1,1,1,0,0,1,1,1,1,0,1
https://camping.ch/de/campingplatz/waadt-genfersee/noville/les-grangettes?l=true,Les Grangettes,1845 Noville (VD),www.treyvaud.ch/de_DE/camping-les-grangettes,4,11,70,01.01.2024 − 31.12.2024,,,,,,,0,0,0,0,0,1,0,0,0,0,1,0,1,0,1,1,1,0,1,1,1,1,0,0,0,1,1,1,1,0,0,0,0,0,0,0
https://camping.ch/de/campingplatz/tessin/blenio-acquacalda-/centro-pro-natura-lucomagno?l=true,Centro Pro Natura Lucomagno,6718 Blenio (Acquacalda) (TI),,0,1,15,01.05.2024 − 01.10.2024,,,,,,,0,0,0,0,0,0,0,0,0,0,1,0,0,0,0,1,1,0,1,1,1,1,1,1,1,0,0,0,0,0,1,0,1,0,0,0
https://camping.ch/de/campingplatz/graubuenden/sumvitg/garvera?l=true,Garvera,7175 Sumvitg (GR),,2,2,20,01.05.2024 − 15.10.2024,,,,,,,0,0,0,0,0,0,0,0,0,0,0,0,0,0,0,0,1,0,0,0,0,0,0,0,0,1,1,1,0,0,1,1,0,0,0,0
https://camping.ch/de/campingplatz/freiburg-neuenburg-jura/saignel-gier/camping-communal?l=true,Camping Saignelégier,2350 Saignelégier (JU),,1,2,100,01.05.2024 − 31.10.2024,,,,,,,0,0,0,0,0,0,0,0,0,0,0,0,0,0,1,0,0,0,0,0,0,0,0,0,0,0,0,1,0,1,0,1,1,1,0,0
https://camping.ch/de/campingplatz/waadt-genfersee/ormont_dessous/cuizon?l=true,Le Cuizon,1862 Ormont_Dessous (VD),,0,3,40,01.06.2024 − 15.10.2024,,,,,,,0,0,0,0,0,0,0,0,0,0,0,0,0,0,1,0,0,0,0,0,0,0,0,0,0,0,0,1,0,1,1,1,1,0,0,0
https://camping.ch/de/campingplatz/nordwestschweiz/hochwald/uf-dr-Holle?l=true,Camping uf dr Holle,4146 Hochwald (SO),,0,11,10,01.01.2024 − 31.12.2024,,,,,,,1,0,0,0,0,0,0,0,0,0,1,0,1,1,0,0,0,0,0,0,0,0,0,0,0,0,0,1,0,0,0,0,1,0,1,0
https://camping.ch/de/campingplatz/berner-oberland/ringgenberg/au-lac?l=true,Au Lac,3852 Ringgenberg (BE),,3,11,70,09.04.2024 − 01.11.2024,,,,,,,0,0,0,0,0,0,0,0,0,0,0,0,0,0,1,0,1,1,0,0,0,0,0,0,0,1,1,1,1,0,0,1,1,1,0,0
https://camping.ch/de/campingplatz/tessin/acquarossa/acquarossa?l=true,Acquarossa,6716 Acquarossa (TI),,2,1,90,01.01.2024 − 31.12.2024,,,,,,,0,0,0,0,0,0,0,0,0,0,0,0,0,0,0,0,1,0,0,0,0,0,0,0,0,1,0,0,0,1,1,0,1,0,0,1
https://camping.ch/de/campingplatz/berner-oberland/lenk-im-simmental/camping-hasenweide?l=true,Camping Hasenweide,3775 Lenk im Simmental (BE),,3,6,30,01.01.2024 − 31.12.2024,,,,,,,0,0,0,0,0,0,0,0,0,0,1,0,1,1,1,0,1,0,1,1,1,1,1,0,0,1,1,1,0,0,1,0,1,1,0,0
https://camping.ch/de/campingplatz/freiburg-neuenburg-jura/mont-cu/le-mont?l=true,Le Mont,1729 Montécu (FR),,2,10,30,01.01.2024 − 31.12.2024,,,,,,,0,0,0,0,0,0,0,0,0,0,0,0,0,0,1,0,0,0,0,0,0,0,0,0,0,1,0,1,0,1,1,1,1,0,0,0
https://camping.ch/de/campingplatz/berner-mitelland/sutz-lattrigen/camping-sutz-am-bielersee?l=true,Hotel Camping Sutz,2572 Sutz-Lattrigen (BE),www.hotel-camping-sutz.ch,4,7,35,Hauptsaison: 01.04.2024 − 31.10.2024,Wintersaison: 01.11.2024 − 31.03.2025,,,,,,1,0,0,0,0,1,0,0,1,0,1,0,1,1,0,1,1,1,1,0,1,1,0,0,0,1,1,1,1,0,0,1,0,0,0,0
https://camping.ch/de/campingplatz/graubuenden/davos-glaris/camping-rinerlodge?l=true,Camping Rinerlodge,7277 Davos Glaris (GR),,0,11,84,01.01.2024 − 31.12.2024,,,,,,,0,0,0,0,0,0,0,0,0,0,1,0,0,1,1,0,1,0,0,0,0,0,1,0,0,1,1,1,0,1,1,1,1,0,0,0
https://camping.ch/de/campingplatz/waadt-genfersee/dardagny/val-de-l-allondon?l=true,Val de l'Allondon,1282 Dardagny (GE),,2,0,60,09.04.2024 − 31.10.2024,,,,,,,0,0,0,0,0,0,0,0,0,0,0,0,0,0,0,0,1,0,0,0,0,0,0,0,0,1,0,0,0,0,1,1,1,0,0,0
https://camping.ch/de/campingplatz/graubuenden/landquart/waldcamping-landquart?l=true,Waldcamping Landquart,7302 Landquart (GR),,3,8,30,03.12.2022 − 31.10.2023,,,,,,,0,0,1,0,1,0,0,0,1,0,1,0,1,1,1,1,1,1,1,1,0,1,1,0,1,1,1,1,0,0,1,1,0,1,1,1
https://camping.ch/de/campingplatz/graubuenden/valendas/camping-carrera?l=true,Camping Carrera,7122 Valendas (GR),,0,11,50,15.04.2024 − 15.10.2024,,,,,,,0,0,0,0,0,0,0,0,0,0,0,0,0,1,1,1,1,0,1,0,0,0,0,0,0,0,0,1,0,0,1,1,1,0,0,0
https://camping.ch/de/campingplatz/graubuenden/samnaun/camping-samnaun?l=true,Camping-Resort Samnaun,7563 Samnaun (GR),,0,5,55,Winter-Vorsaison: 23.11.2024 − 22.12.2024,Winter-Hochsaison 1: 23.12.2023 − 05.01.2024,Winter-Zwischensaison: 06.01.2024 − 19.01.2024,Winter-Hochsaison 2: 20.01.2024 − 05.04.2024,Winter-Nachsaison: 06.04.2024 − 01.05.2024,Sommersaison: 02.05.2024 − 22.11.2024,,1,0,1,0,0,0,0,0,1,0,1,0,1,0,1,0,1,0,1,0,0,1,1,0,0,0,0,1,0,0,1,0,1,0,0,0
https://camping.ch/de/campingplatz/berner-oberland/adelboden/bergblick?l=true,Camping Bergblick,3715 Adelboden (BE),,0,8,15,01.01.2024 − 03.11.2024,28.11.2024 − 31.12.2024,,,,,,0,0,0,0,0,1,0,0,0,0,1,0,1,0,1,0,1,0,1,0,0,0,0,0,0,1,1,1,0,0,1,0,1,0,0,0
https://camping.ch/de/campingplatz/wallis/granges/robinson?l=true,Camping Robinson,3977 Granges (VS),,3,10,0,01.01.2024 − 31.12.2024,,,,,,,0,0,0,0,0,0,0,0,0,0,0,0,0,0,0,0,1,0,0,0,0,0,0,0,0,1,0,0,0,0,1,1,1,0,0,0
https://camping.ch/de/campingplatz/graubuenden/zillis/camping-rania?l=true,Camping Rania,7432 Zillis (GR),,3,6,35,01.01.2024 − 31.12.2024,,,,,,,0,0,0,0,0,1,0,0,0,0,0,0,1,0,1,0,1,1,1,1,1,0,0,0,0,1,1,1,0,0,1,0,1,0,0,0
https://camping.ch/de/campingplatz/waadt-genfersee/bullet/les-cluds?l=true,Les Cluds,1453 Bullet (VD),,3,7,20,01.01.2024 − 31.12.2024,,,,,,,0,0,0,0,0,0,0,0,0,0,0,0,0,0,1,0,0,0,0,0,0,0,0,0,0,0,0,1,0,1,0,1,1,0,0,1
https://camping.ch/de/campingplatz/freiburg-neuenburg-jura/del-mont/la-grande-ecluse?l=true,La Grande Ecluse,2800 Delémont (JU),,3,3,35,20.03.2024 − 05.10.2024,,,,,,,0,0,0,0,0,0,0,0,0,0,0,0,0,0,1,0,0,0,0,0,0,0,0,0,0,1,0,0,0,0,1,1,1,1,0,0
https://camping.ch/de/campingplatz/zentralschweiz/goldau/buosingen?l=true,Buosingen,6410 Goldau (SZ),,2,11,30,01.01.2024 − 31.12.2024,,,,,,,0,0,0,0,0,0,0,0,0,0,0,0,0,0,0,0,0,0,0,0,0,0,0,0,0,1,1,0,0,0,0,0,1,0,0,0
https://camping.ch/de/campingplatz/zentralschweiz/steinen/camping-buchenhof?l=true,Camping Buchenhof,6422 Steinen (SZ),,4,11,30,01.04.2024 − 31.10.2024,,,,,,,0,0,0,0,0,1,0,0,0,0,1,0,0,0,1,0,1,0,0,1,1,0,0,0,0,1,1,1,1,0,0,1,1,1,0,1
https://camping.ch/de/campingplatz/waadt-genfersee/le-sentier/camping-lac-de-joux?l=true,Camping Lac de Joux,1347 Le Sentier (VD),,3,1,18,01.01.2024 − 31.12.2024,,,,,,,0,0,0,0,0,0,0,0,0,0,0,0,1,0,0,0,1,1,1,0,0,0,0,0,0,1,1,1,1,0,0,1,1,1,0,0
https://camping.ch/de/campingplatz/grenznah/Meckenbeuren/Ravensburger-Spieleland?l=true,Ravensburger Spieleland Wohnmobil-Stellplatz,88074 Meckenbeuren (Baden-Württemberg),,0,1,40,Nebensaison 1: 09.04.2024 − 24.04.2024,Hauptsaison 1: 26.05.2024 − 11.09.2024,Nebensaison 2: 01.10.2024 − 23.10.2024,,,,,1,0,0,0,0,0,1,0,0,1,1,0,0,1,1,1,0,0,0,1,1,0,1,0,1,0,0,0,0,0,0,0,1,0,0,0
https://camping.ch/de/campingplatz/graubuenden/flims-waldhaus/camping-flims?l=true,Camping Flims,7018 Flims-Waldhaus (GR),,0,11,60,01.01.2024 − 31.12.2024,,,,,,,0,0,0,0,0,0,0,0,0,0,0,0,1,0,1,0,1,0,0,0,0,0,1,0,0,1,1,1,0,0,1,0,1,1,0,0
https://camping.ch/de/campingplatz/wallis/les-mar-cottes/la-m-dettaz?l=true,La Médettaz,1923 Les Marécottes (VS),,2,5,30,01.05.2024 − 30.09.2024,,,,,,,0,0,0,0,0,0,0,0,1,0,0,0,0,0,1,0,1,0,0,1,1,1,0,0,0,1,1,1,0,0,0,1,1,0,0,0
https://camping.ch/de/campingplatz/zuerich/horgen/sihlwald?l=true,Campingplatz Sihlwald,8815 Horgen (ZH),,3,10,60,01.04.2024 − 31.10.2024,,,,,,,0,0,0,0,0,1,1,0,0,0,1,0,1,0,0,0,1,0,1,1,1,1,1,0,0,1,0,0,0,0,1,1,1,0,0,1
https://camping.ch/de/campingplatz/grenznah/prutz-tirol/aktiv-camping-prutz-tirol?l=true,Aktiv-Camping Prutz / Tirol,6522 Prutz/Tirol (Bezirk Landeck),www.aktiv-camping.at,4,8,130,01.01.2024 − 31.12.2024,,,,,,,1,0,0,0,0,0,0,0,1,1,1,0,1,1,1,1,1,0,1,1,1,1,1,0,0,1,1,1,0,0,1,0,1,0,0,0
https://camping.ch/de/campingplatz/ostschweiz/krummenau/adler?l=true,Camping Adler,9643 Krummenau (SG),,2,3,10,01.01.2024 − 31.12.2024,,,,,,,0,0,0,0,0,0,0,0,0,0,0,0,0,0,1,0,0,0,0,0,0,0,0,0,0,0,0,1,0,0,1,1,1,0,0,0
https://camping.ch/de/campingplatz/tessin/bellinzona/camping-bellinzona?l=true,Camping Bellinzona,6500 Bellinzona (TI),www.campingbellinzona.ch,3,6,70,30.03.2024 − 27.10.2024,,,,,,,0,0,0,0,1,1,1,0,0,1,1,0,1,0,1,0,1,0,1,0,1,1,1,0,0,1,1,0,0,0,1,1,1,1,1,1
https://camping.ch/de/campingplatz/freiburg-neuenburg-jura/fleurier/camping-du-val-de-travers?l=true,Camping du Val-de-Travers,2114 Fleurier (NE),,2,5,40,Hauptsaison: 01.04.2024 − 05.10.2024,,,,,,,0,0,0,0,0,0,0,0,0,0,1,0,0,0,1,0,1,0,1,1,1,1,0,0,1,1,0,1,0,0,1,1,1,0,0,0
https://camping.ch/de/campingplatz/waadt-genfersee/roche-vd/clos-de-la-george?l=true,Clos de la George,1852 Roche VD (VD),,4,10,70,01.01.2024 − 31.12.2024,,,,,,,0,0,0,0,0,0,0,0,1,0,0,0,0,0,1,0,0,0,0,0,0,0,0,0,0,1,1,1,0,1,1,0,1,0,0,0
https://camping.ch/de/campingplatz/waadt-genfersee/villars-gryon/les-frassettes?l=true,Les Frassettes,1884 Villars-Gryon (VD),,3,6,32,01.01.2024 − 31.12.2024,,,,,,,0,0,0,0,0,0,0,0,1,0,1,0,1,0,1,0,1,1,1,0,0,0,0,0,0,1,1,1,0,0,0,1,1,1,0,1
https://camping.ch/de/campingplatz/zuerich/kleinandelfingen/raessenwies?l=true,Rässenwies,8451 Kleinandelfingen (ZH),,2,3,10,01.04.2024 − 14.10.2024,,,,,,,0,0,0,0,0,0,0,0,0,0,0,0,0,0,0,0,0,0,0,0,0,0,0,0,0,1,0,0,0,0,1,0,1,0,0,0
https://camping.ch/de/campingplatz/wallis/ulrichen/nufenenpark?l=true,Nufenenpark,3988 Ulrichen (VS),,2,3,50,01.11.2024 − 01.11.2024,,,,,,,0,0,0,0,0,0,0,0,0,0,0,0,0,0,0,0,0,0,0,0,0,0,0,0,0,1,0,0,0,0,1,0,1,0,0,0
https://camping.ch/de/campingplatz/graubuenden/churwalden/pradafenz?l=true,Pradafenz,7075 Churwalden (GR),,4,11,50,25.05.2024 − 31.10.2024,15.12.2024 − 15.04.2025,,,,,,0,0,0,0,0,0,0,0,1,0,0,0,0,0,1,1,0,0,0,0,0,0,0,0,0,1,0,1,0,0,0,0,1,1,0,0
https://camping.ch/de/campingplatz/ostschweiz/eschenz/huettenberg?l=true,Hüttenberg,8264 Eschenz (TG),www.huettenberg.ch,5,8,60,28.03.2024 − 13.10.2024,,,,,,,0,0,0,0,1,1,1,0,1,0,1,0,0,1,1,1,1,1,1,0,1,1,1,0,0,1,1,0,0,0,1,1,1,1,0,0
https://camping.ch/de/campingplatz/waadt-genfersee/villeneuve/les-horizons-bleus?l=true,Les Horizons Bleus,1844 Villeneuve (VD),,3,11,54,01.01.2024 − 31.12.2024,,,,,,,0,0,0,0,0,0,0,0,0,0,1,0,1,1,1,1,1,1,1,0,1,1,0,0,0,1,1,1,1,0,1,1,1,1,0,1
https://camping.ch/de/campingplatz/berner-oberland/gadmen/gadmen?l=true,Gadmen,3863 Gadmen (BE),,2,11,50,01.05.2024 − 31.10.2024,,,,,,,0,0,0,0,0,0,0,0,0,0,0,0,0,0,0,0,1,0,0,0,0,0,0,0,0,0,0,0,0,0,0,0,0,1,0,0
https://camping.ch/de/campingplatz/nordwestschweiz/grenchen/strausak?l=true,Strausak,2540 Grenchen (SO),,1,2,20,01.04.2024 − 03.10.2024,,,,,,,0,0,0,0,0,0,0,0,0,0,0,0,0,0,0,0,0,0,0,0,0,0,0,0,0,0,0,0,0,0,0,0,1,1,0,0
https://camping.ch/de/campingplatz/tessin/locarno/delta?l=true,Delta,6600 Locarno (TI),www.campingdelta.com,5,11,245,01.03.2024 − 31.10.2024,,,,,,,1,0,0,0,0,1,0,1,1,1,1,0,1,1,1,1,0,0,0,1,1,0,1,0,1,1,1,1,1,0,1,1,1,1,0,0
https://camping.ch/de/campingplatz/berner-oberland/innertkirchen/bauernhof-camping-wyler?l=true,Bauernhof - Camping Wyler,3862 Innertkirchen (BE),,2,11,30,01.05.2024 − 31.10.2024,,,,,,,0,0,0,0,0,0,0,0,0,0,0,0,0,0,0,0,1,0,0,0,0,0,0,0,0,1,1,1,0,0,0,1,1,1,0,0
https://camping.ch/de/campingplatz/graubuenden/sarn-heinzenberg/stellplatz_plus?l=true,Stellplatz +plus+ Heinzenberg-Lescha,7423 Sarn-Heinzenberg (GR),,3,2,15,05.05.2024 − 22.10.2024,,,,,,,0,0,0,0,0,0,0,0,0,0,0,0,0,0,1,0,1,0,1,1,1,0,0,0,0,0,0,1,0,0,0,0,1,0,0,0
https://camping.ch/de/campingplatz/zuerich/maur/rausenbach?l=true,Rausenbach,8124 Maur (ZH),www.zeltklub.ch,0,11,40,01.04.2024 − 20.10.2024,,,,,,,0,0,0,0,0,1,0,1,0,0,1,0,0,1,1,1,1,0,1,1,1,1,1,0,0,1,1,1,1,0,0,0,1,0,0,1
https://camping.ch/de/campingplatz/berner-oberland/interlaken-unterseen/jungfrau?l=true,Jungfrau,3800 Interlaken-Unterseen (BE),,4,11,70,27.03.2024 − 03.10.2024,,,,,,,0,0,0,0,0,0,0,0,0,0,0,0,0,0,1,0,0,0,0,0,0,0,0,0,0,0,0,1,0,1,0,1,1,0,0,0
https://camping.ch/de/campingplatz/berner-oberland/weissenburg/duer-s-baechli?l=true,dür's Bächli,3764 Weissenburg (BE),,4,2,10,01.01.2024 − 31.12.2024,,,,,,,0,0,0,0,0,0,1,0,1,0,1,0,0,1,1,0,1,1,1,0,0,0,0,0,0,1,1,1,0,0,1,1,0,0,0,0
https://camping.ch/de/campingplatz/berner-oberland/innertkirchen/grimselblick?l=true,Grimselblick,3862 Innertkirchen (BE),,3,11,27,01.03.2024 − 30.10.2024,,,,,,,0,0,0,0,0,0,0,0,0,0,0,0,0,0,1,0,0,0,0,0,0,0,0,0,0,1,0,1,0,1,1,1,1,1,0,0
https://camping.ch/de/campingplatz/waadt-genfersee/hermance/hermance?l=true,Hermance,1248 Hermance (GE),,3,2,10,01.04.2024 − 30.09.2024,,,,,,,0,0,0,0,0,0,0,0,0,0,0,0,0,0,0,0,1,0,0,0,0,0,0,0,0,0,0,0,0,0,0,1,1,0,0,0
https://camping.ch/de/campingplatz/berner-oberland/lauterbrunnen/schuetzenbach?l=true,Schützenbach,3822 Lauterbrunnen (BE),,3,11,127,01.01.2024 − 31.12.2024,,,,,,,0,0,0,0,0,0,0,0,0,0,0,0,0,0,1,0,0,0,0,0,0,0,0,0,0,0,0,1,0,0,1,1,1,0,0,0
https://camping.ch/de/campingplatz/berner-oberland/zweisimmen/camping-fankhauser?l=true,Camping Fankhauser,3770 Zweisimmen (BE),www.camping-fankhauser.ch,4,3,15,01.01.2024 − 31.12.2024,,,,,,,0,0,0,0,0,0,0,0,0,0,0,0,0,0,1,0,1,0,0,0,0,0,0,0,0,1,1,0,0,0,1,1,1,1,0,0
https://camping.ch/de/campingplatz/graubuenden/thusis/camping-viamala?l=true,TCS Camping Thusis Viamala,7430 Thusis (GR),,3,8,66,19.03.2024 − 24.10.2024,,,,,,,0,0,0,0,0,0,0,0,1,0,1,0,1,1,1,1,1,1,1,1,1,0,0,0,0,1,1,1,0,0,1,1,1,1,0,0
https://camping.ch/de/campingplatz/tessin/tenero/lago-maggiore?l=true,Lago Maggiore,6598 Tenero (TI),,4,11,127,26.03.2024 − 24.10.2024,,,,,,,0,0,0,0,0,0,0,0,0,0,0,0,0,0,0,0,0,0,0,0,0,0,0,0,0,1,1,0,1,0,0,1,1,1,0,0
https://camping.ch/de/campingplatz/wallis/arolla/arolla?l=true,Camping Arolla,1986 Arolla (VS),www.camping-arolla.ch,0,1,90,Nebensaison Frühling: 01.06.2024 − 04.07.2024,Hauptsaison: 05.07.2024 − 25.08.2024,Nebensaison Herbst: 26.08.2024 − 31.10.2024,,,,,0,0,0,0,0,0,0,0,0,0,0,0,1,0,0,0,1,0,1,0,0,1,0,0,1,1,0,1,0,0,1,0,1,0,0,0
https://camping.ch/de/campingplatz/waadt-genfersee/payerne/piscine-camping-payerne?l=true,Piscine Camping Payerne,1530 Payerne (VD),,4,3,30,01.04.2024 − 30.09.2024,,,,,,,0,0,0,0,0,0,0,0,0,0,0,0,0,0,1,0,0,0,0,0,0,0,0,0,0,0,0,1,0,1,0,1,1,0,0,0
https://camping.ch/de/campingplatz/zentralschweiz/morgarten/camping_neselen?l=true,Camping Neselen Morgarten,6315 Morgarten (ZG),,0,11,,Hauptsaison: 01.07.2024 − 31.08.2024,,,,,,,0,0,0,0,0,1,0,0,0,0,0,0,0,0,0,0,1,0,1,0,0,0,0,0,0,0,0,1,1,0,0,0,1,0,0,0
https://camping.ch/de/campingplatz/berner-mitelland/gampelen/tcs-camping-gampelen-neuenburgersee?l=true,TCS Camping Gampelen Neuenburgersee,3236 Gampelen (BE),,4,8,127,01.04.2024 − 24.10.2024,,,,,,,0,0,0,0,0,0,0,0,0,0,0,0,0,0,0,0,1,0,0,0,0,0,0,0,0,1,0,0,1,0,0,1,0,1,1,0
https://camping.ch/de/campingplatz/graubuenden/samedan/camping-gravatscha?l=true,Camping Gravatscha,7503 Samedan (GR),,0,10,44,01.01.2024 − 31.12.2024,,,,,,,0,0,0,0,0,0,0,0,0,0,0,0,1,0,0,0,1,1,1,1,1,0,0,0,0,1,1,1,1,0,1,0,0,0,0,0
https://camping.ch/de/campingplatz/freiburg-neuenburg-jura/plaffeien/fuellmattli?l=true,Camping Füllmattli,1716 Plaffeien (FR),,2,1,15,01.04.2024 − 31.10.2024,,,,,,,0,0,0,0,0,1,0,0,0,0,0,0,1,0,1,0,1,0,1,0,0,0,1,0,0,1,1,1,0,0,1,0,1,0,0,0
https://camping.ch/de/campingplatz/wallis/saas-grund/schoenblick?l=true,Schönblick,3910 Saas Grund (VS),,2,9,40,01.01.2024 − 31.12.2024,,,,,,,0,0,0,0,0,0,0,0,0,0,0,0,0,0,0,0,0,0,0,0,0,0,0,0,0,1,0,0,0,0,0,0,1,0,0,0
https://camping.ch/de/campingplatz/berner-oberland/saanen/beim-kappeli?l=true,"Camping Saanen, Beim Kappeli",3792 Saanen (BE),,4,5,20,01.01.2024 − 31.12.2024,,,,,,,0,0,0,0,0,0,0,0,0,0,0,0,0,0,0,0,0,0,0,0,0,0,0,0,0,1,0,1,0,0,1,1,1,1,0,0
https://camping.ch/de/campingplatz/ostschweiz/appenzell-kau/eischen?l=true,Eischen,9050 Appenzell-Kau (AI),www.eischen.ch,4,11,60,01.01.2024 − 31.12.2024,,,,,,,0,0,0,0,0,0,0,0,0,0,0,0,0,0,1,0,1,0,0,1,1,1,0,0,0,1,1,1,0,0,0,1,0,1,0,0
https://camping.ch/de/campingplatz/graubuenden/st-moritz/camping-st-moritz?l=true,Camping St. Moritz,7500 St. Moritz (GR),,0,11,150,Nebensaison: 01.06.2024 − 29.06.2024,Hauptsaison: 01.07.2024 − 31.08.2024,Nebensaison2: 01.09.2024 − 20.09.2024,,,,,0,0,0,0,0,0,0,0,0,0,0,0,1,1,1,0,1,0,1,1,0,1,0,0,0,1,1,1,1,0,1,0,1,0,0,0
https://camping.ch/de/campingplatz/berner-mitelland/meinisberg/seeland?l=true,Seeland Camp,2554 Meinisberg (BE),,3,5,25,01.04.2024 − 30.10.2024,,,,,,,0,0,0,0,0,0,0,0,0,0,0,0,0,0,0,0,1,0,0,0,0,0,0,0,0,1,0,0,0,0,0,1,1,1,0,0
https://camping.ch/de/campingplatz/tessin/gudo/campeggio-la-serta?l=true,Campeggio La Serta,6515 Gudo (TI),,1,11,29,25.03.2024 − 31.10.2024,,,,,,,0,0,0,0,0,0,0,0,0,0,0,0,0,0,0,0,1,0,0,0,0,0,0,0,0,0,0,0,0,1,1,1,1,0,0,0
https://camping.ch/de/campingplatz/berner-oberland/interlaken-unterseen/camping-lazy-rancho-4?l=true,Camping Lazy Rancho 4,3800 Interlaken-Unterseen (BE),www.lazyrancho.ch,4,11,90,14.04.2024 − 02.10.2024,,,,,,,0,0,0,0,1,1,0,1,1,0,1,0,1,1,1,1,1,1,1,0,0,1,0,0,0,1,1,1,1,0,1,1,1,1,0,0
https://camping.ch/de/campingplatz/wallis/les-haud-res/molignon?l=true,Molignon,1984 Les Haudères (VS),www.molignon.ch,4,1,110,01.01.2024 − 31.12.2024,,,,,,,0,0,0,0,0,0,1,0,0,0,0,0,0,1,0,0,0,0,0,0,0,0,0,0,0,1,1,0,0,0,1,0,1,0,0,0
https://camping.ch/de/campingplatz/waadt-genfersee/yverdon-les-bains/camping-yverdon-plage?l=true,Camping Yverdon Plage,1400 Yverdon-les-Bains (VD),www.camping-yverdon.ch,4,7,130,31.03.2024 − 09.10.2024,,,,,,,0,0,0,0,0,1,0,1,1,1,1,0,1,1,1,1,1,1,1,0,1,1,1,0,1,1,1,1,1,0,0,1,1,1,0,0
https://camping.ch/de/campingplatz/berner-mitelland/hinterkappelen/tcs-camping-bern-eymatt?l=true,TCS Camping Bern-Eymatt,3032 Hinterkappelen (BE),,4,11,127,01.04.2024 − 01.11.2024,,,,,,,0,0,0,0,0,0,0,0,0,0,0,0,0,0,0,0,1,0,0,0,0,0,0,0,0,1,0,1,0,0,0,1,1,1,1,0
https://camping.ch/de/campingplatz/nordwestschweiz/solothurn/tcs-camping-solothurn?l=true,TCS Camping Solothurn,4500 Solothurn (SO),,4,7,127,01.01.2024 − 31.12.2024,,,,,,,0,0,0,0,0,0,1,1,1,0,0,0,0,0,0,0,1,0,0,1,0,0,0,0,1,1,1,1,0,0,1,0,1,1,1,0
https://camping.ch/de/campingplatz/nordwestschweiz/bubendorf/campingplatz-talhaus?l=true,Campingplatz Talhaus,4416 Bubendorf (BL),,0,4,10,01.01.2024 − 31.12.2024,,,,,,,0,0,0,0,0,0,0,0,0,0,0,0,0,0,0,0,1,1,1,1,0,0,0,0,0,1,1,1,0,0,1,1,0,0,0,0
https://camping.ch/de/campingplatz/wallis/le-bouveret/rive-bleue?l=true,Rive-Bleue,1897 Le Bouveret (VS),www.camping-rive-bleue.ch,3,11,127,01.04.2024 − 30.09.2024,,,,,,,0,0,0,0,0,0,0,0,0,0,1,0,0,0,1,0,1,1,1,0,0,1,0,0,0,1,1,1,1,0,0,1,1,0,0,0
https://camping.ch/de/campingplatz/wallis/saas-grund/am-kapellenweg?l=true,Am Kapellenweg,3910 Saas Grund (VS),,3,9,100,01.01.2024 − 31.12.2024,,,,,,,0,0,0,0,0,0,0,0,0,0,0,0,1,1,1,0,1,1,0,0,0,1,0,0,0,1,0,1,0,0,1,0,1,0,0,0
https://camping.ch/de/campingplatz/tessin/agno/molinazzo?l=true,Camping Molinazzo,6982 Agno (TI),,3,9,96,Haupt und Nebensaison: 01.04.2024 − 25.10.2024,,,,,,,0,0,0,0,0,0,0,0,0,0,1,0,0,0,1,1,1,0,0,0,1,0,0,0,0,1,1,1,1,0,1,1,0,0,0,0
https://camping.ch/de/campingplatz/zentralschweiz/euthal/camping-euthal?l=true,Camping Euthal,8844 Euthal (SZ),,3,8,43,01.05.2024 − 31.10.2024,,,,,,,0,0,0,0,0,0,0,1,0,0,0,0,0,0,1,0,0,0,0,0,0,0,0,0,0,1,1,1,1,0,0,0,1,1,0,0
https://camping.ch/de/campingplatz/tessin/agno/la-palma?l=true,La Palma,6982 Agno (TI),,2,9,127,01.04.2024 − 20.10.2024,,,,,,,0,0,0,0,0,0,0,0,0,0,0,0,0,0,0,0,0,0,0,0,0,0,0,0,0,1,0,0,0,0,0,1,1,0,0,0
https://camping.ch/de/campingplatz/zentralschweiz/soerenberg/rischli?l=true,Camping Rischli,6174 Sörenberg (LU),,3,5,10,20.04.2024 − 31.12.2024,,,,,,,0,0,0,0,0,0,0,0,0,0,0,0,0,0,0,0,1,0,0,0,0,0,0,0,0,1,1,0,0,0,0,0,0,1,0,0
https://camping.ch/de/campingplatz/berner-oberland/lauterbrunnen/jungfrau-lauterbrunnen?l=true,Camping Jungfrau AG,3822 Lauterbrunnen (BE),,5,11,127,01.01.2024 − 01.11.2024,16.12.2024 − 31.12.2024,,,,,,0,0,0,0,0,0,0,0,0,0,1,0,1,1,1,1,1,1,1,1,1,0,0,0,1,0,0,1,0,0,1,1,1,1,0,1
https://camping.ch/de/campingplatz/waadt-genfersee/chessel/au-grand-bois?l=true,Au Grand-Bois,1846 Chessel (VD),,3,8,20,01.01.2024 − 31.12.2024,,,,,,,0,0,0,0,0,0,0,0,0,0,0,0,0,0,1,0,0,0,0,0,0,0,0,0,0,1,1,1,0,1,1,1,1,0,0,0
https://camping.ch/de/campingplatz/waadt-genfersee/les-diablerets/vers-l-eglise-la-mur-e?l=true,Vers-l'Eglise La Murée,1865 Les Diablerets (VD),,3,2,50,01.01.2024 − 31.12.2024,,,,,,,0,0,0,0,0,0,0,0,0,0,0,0,0,0,1,0,0,0,0,0,0,0,0,0,0,1,0,1,0,1,1,1,0,0,0,0
https://camping.ch/de/campingplatz/berner-mitelland/wabern/eichholz?l=true,Eichholz,3084 Wabern (BE),www.campingeichholz.ch,3,11,127,20.04.2024 − 30.09.2024,,,,,,,0,0,0,0,0,0,0,0,0,0,0,0,0,0,0,0,1,0,0,0,0,0,0,0,0,1,0,0,0,0,1,1,1,0,0,0
https://camping.ch/de/campingplatz/freiburg-neuenburg-jura/schwarzsee/seeweid?l=true,Seeweid,1716 Schwarzsee (FR),,4,4,50,01.01.2024 − 31.12.2024,,,,,,,0,0,0,0,0,0,0,0,0,0,0,0,0,0,1,0,0,0,0,0,0,0,0,0,0,1,0,1,1,0,0,0,1,1,0,0
https://camping.ch/de/campingplatz/graubuenden/lenzerheide/camping-gravas?l=true,Camping Gravas,7078 Lenzerheide (GR),https://camping-lenzerheide.ch/de/camping-gravas/home/,2,8,35,01.01.2024 − 31.12.2024,,,,,,,0,0,0,0,0,0,0,0,1,0,1,0,1,1,1,0,1,0,1,0,0,0,0,0,0,1,1,1,1,0,1,0,1,1,0,0
https://camping.ch/de/campingplatz/berner-oberland/burgistein/camping-burgistein?l=true,Camping Burgistein,3664 Burgistein (BE),,3,1,10,01.01.2024 − 31.12.2024,,,,,,,0,0,0,0,0,0,0,0,0,0,1,0,1,0,0,1,1,0,1,1,1,1,0,0,0,1,1,1,0,0,0,0,1,0,0,0
https://camping.ch/de/campingplatz/zentralschweiz/lungern/obsee?l=true,Obsee,6078 Lungern (OW),,3,11,85,01.01.2024 − 31.12.2024,,,,,,,0,0,0,0,0,0,0,0,0,0,0,0,0,0,1,0,1,0,0,0,0,0,0,0,0,1,0,1,0,0,0,1,1,1,0,0
https://camping.ch/de/campingplatz/zentralschweiz/unteraegeri/unteraegeri?l=true,Unterägeri,6314 Unterägeri (ZG),,4,11,150,01.01.2024 − 31.12.2024,,,,,,,0,0,0,0,0,1,0,0,0,0,1,0,1,0,0,1,0,0,1,1,1,0,0,0,0,1,1,0,1,0,0,0,1,0,0,0
https://camping.ch/de/campingplatz/berner-oberland/aeschi-rossern/panorama?l=true,Panorama Aeschi,3703 Aeschi Rossern (BE),,3,11,80,01.05.2024 − 15.10.2024,,,,,,,0,0,0,0,0,0,0,0,0,0,0,0,0,0,1,0,1,0,0,0,0,0,0,0,0,1,0,1,0,0,0,1,1,1,0,1
https://camping.ch/de/campingplatz/berner-oberland/boenigen/seeruhe?l=true,Seeruhe,3806 Bönigen (BE),,0,11,4,01.05.2024 − 30.09.2024,,,,,,,0,0,0,0,0,0,0,0,0,0,0,0,0,0,0,0,0,0,0,0,0,0,0,0,0,0,0,1,1,0,0,1,1,0,0,0
https://camping.ch/de/campingplatz/zentralschweiz/sarnen/seefeld-sarnen?l=true,Seefeld Sarnen,6060 Sarnen (OW),www.seefeldpark.ch,5,5,132,01.01.2024 − 31.12.2024,,,,,,,0,0,0,0,1,1,1,1,1,0,1,0,1,1,1,1,1,0,1,1,1,1,1,0,1,1,1,1,1,0,1,1,1,1,0,0
https://camping.ch/de/campingplatz/tessin/claro/al-censo?l=true,Al Censo,6702 Claro (TI),,4,6,127,01.04.2024 − 25.10.2024,,,,,,,0,0,0,0,0,0,0,0,0,0,0,0,0,0,1,0,1,0,0,0,0,0,0,0,0,1,0,1,0,1,1,1,1,0,0,0
https://camping.ch/de/campingplatz/waadt-genfersee/morges/tcs-camping-morges?l=true,TCS Camping Morges,1110 Morges (VD),,3,1,127,01.04.2024 − 17.10.2024,,,,,,,0,0,0,0,0,0,0,1,1,0,0,0,0,0,1,0,0,1,1,0,0,0,0,0,0,0,0,1,1,0,0,1,0,1,1,0
https://camping.ch/de/campingplatz/graubuenden/bivio/tua-bivio?l=true,Stellplatz Tua,7457 Bivio (GR),,0,1,6,01.01.2024 − 31.12.2024,,,,,,,0,0,0,0,0,0,0,0,1,0,0,0,0,0,1,0,1,0,0,0,0,0,0,0,0,0,0,1,0,0,0,0,1,0,0,0
https://camping.ch/de/campingplatz/tessin/gudo/isola?l=true,Isola,6515 Gudo (TI),,4,11,127,15.01.2024 − 15.12.2024,,,,,,,0,0,0,0,0,0,0,0,1,0,0,0,0,0,0,0,1,0,0,0,0,0,0,0,0,0,0,1,0,1,0,0,1,1,0,0
https://camping.ch/de/campingplatz/graubuenden/andeer/camping-andeer?l=true,Camping Andeer,7440 Andeer (GR),www.campingandeer.ch,3,6,30,Nebensaison: 16.01.2024 − 30.04.2024,Hauptsaison: 01.05.2024 − 31.10.2024,Nebensaison: 01.11.2024 − 14.12.2024,Hauptsaison: 15.12.2024 − 15.01.2025,,,,0,0,0,0,0,0,0,0,0,0,1,0,1,0,1,0,1,0,1,1,1,1,1,0,0,1,1,1,0,0,1,0,1,1,0,0
https://camping.ch/de/campingplatz/berner-oberland/gstaad/bellerive?l=true,Bellerive,3780 Gstaad (BE),,3,5,40,01.01.2024 − 31.12.2024,,,,,,,0,0,0,0,0,0,0,0,0,0,0,0,0,0,1,0,0,0,0,0,0,0,0,0,0,1,0,1,0,1,1,1,1,1,0,0
https://camping.ch/de/campingplatz/wallis/morgins/la-mare-au-diable?l=true,La Mare au diable,1875 Morgins (VS),www.camping-morgins.ch,3,2,5,01.01.2024 − 31.12.2024,,,,,,,0,0,0,0,0,0,0,0,1,0,0,0,1,0,1,0,1,0,0,0,0,0,0,0,0,1,1,1,0,0,0,0,1,0,0,0
https://camping.ch/de/campingplatz/zentralschweiz/mosen/camping-seeblick?l=true,Camping Seeblick,6295 Mosen (LU),,4,5,70,01.03.2024 − 31.10.2024,,,,,,,0,0,0,0,1,1,1,1,1,0,1,0,1,0,1,1,1,1,1,0,1,1,1,0,0,1,1,1,1,0,0,1,0,1,0,1
https://camping.ch/de/campingplatz/ostschweiz/weesen/camping-gaesi?l=true,Camping Gäsi,8872 Weesen (SG),,3,8,0,20.03.2024 − 19.10.2024,,,,,,,0,0,0,0,0,1,0,0,0,0,1,0,0,0,1,1,1,0,1,1,1,1,1,0,0,1,1,1,1,0,1,1,1,0,0,0
https://camping.ch/de/campingplatz/berner-mitelland/burgdorf/camping-waldegg?l=true,Camping Waldegg,3400 Burgdorf (BE),,3,5,0,01.04.2024 − 21.10.2024,,,,,,,0,0,0,0,0,1,0,0,0,0,1,0,1,1,1,0,1,0,1,0,0,0,1,0,0,1,1,1,0,0,1,1,1,0,1,0
https://camping.ch/de/campingplatz/wallis/kippel/camping_loetschental?l=true,Camping Lötschental,3917 Kippel (VS),www.loetschental.ch/campingkippel,0,5,40,ab 2024: 04.05.2024 − 31.10.2024,,,,,,,1,0,1,0,0,0,0,0,0,0,0,0,1,1,1,1,1,0,1,0,0,0,0,0,0,1,1,1,0,0,1,0,1,1,1,1
https://camping.ch/de/campingplatz/zentralschweiz/muotathal/camping-husky-lodge?l=true,Camping Husky-Lodge,6436 Muotathal (SZ),,4,7,35,01.05.2024 − 31.10.2024,,,,,,,0,0,0,0,0,0,0,0,0,1,1,0,1,0,1,1,1,0,1,1,1,0,1,0,0,0,0,1,0,0,1,0,1,1,1,0
https://camping.ch/de/campingplatz/tessin/cureglia/camping-moretto?l=true,Camping Moretto,6944 Cureglia (TI),,3,8,120,04.04.2024 − 14.10.2024,,,,,,,0,0,0,0,0,0,0,0,0,0,0,0,0,0,0,0,0,0,0,0,0,0,0,0,0,1,0,1,0,0,0,1,1,0,0,0
https://camping.ch/de/campingplatz/graubuenden/zernez/cul?l=true,Cul,7530 Zernez (GR),,3,5,127,01.05.2024 − 15.10.2024,,,,,,,0,0,0,0,0,0,0,0,0,0,0,0,1,1,1,0,0,1,0,0,0,0,1,0,0,1,1,1,0,1,1,1,1,0,0,1
https://camping.ch/de/campingplatz/zentralschweiz/marbach/camping-sternen-ag?l=true,Camping Sternen AG,6196 Marbach (LU),,3,1,20,01.01.2024 − 31.12.2024,,,,,,,0,0,0,0,0,0,0,0,0,0,1,0,1,0,1,1,1,0,1,1,0,0,0,0,0,1,1,1,0,0,1,0,1,0,0,0
https://camping.ch/de/campingplatz/ostschweiz/buchs/werdenberg?l=true,Werdenberg,9470 Buchs (SG),,3,11,50,01.04.2024 − 31.10.2024,,,,,,,0,0,0,0,0,0,0,0,0,0,0,0,0,0,1,0,0,0,0,0,0,0,0,0,0,1,1,1,0,1,0,1,1,1,0,0
https://camping.ch/de/campingplatz/ostschweiz/bischofszell/leutswil?l=true,Campingplatz Leutswil,9220 Bischofszell (TG),,3,10,12,01.04.2024 − 31.10.2024,,,,,,,0,0,0,0,0,0,0,0,0,0,0,0,0,0,0,0,0,0,0,1,1,0,1,0,0,1,0,0,0,0,1,1,1,0,0,1
https://camping.ch/de/campingplatz/graubuenden/samedan/tcs-camping-samedan?l=true,TCS Camping Samedan,7503 Samedan (GR),,3,11,80,01.01.2024 − 15.04.2024,13.05.2024 − 10.10.2024,26.11.2024 − 31.12.2024,,,,,0,0,0,0,0,0,0,0,0,0,0,0,0,0,1,0,0,0,0,0,0,0,0,0,0,1,0,1,0,1,1,1,1,1,1,0
https://camping.ch/de/campingplatz/zentralschweiz/meierskappel/gerbe?l=true,Erlebnisbauernhof & Camping Gerbe,6344 Meierskappel (LU),www.swiss-bauernhof.ch,3,10,60,01.03.2024 − 31.10.2024,,,,,,,0,0,0,0,1,1,1,0,0,0,1,0,1,1,0,1,1,0,1,1,1,1,1,0,0,1,1,1,0,1,1,0,1,1,0,1
https://camping.ch/de/campingplatz/graubuenden/maloja/camping-maloja-plan-curtinac?l=true,Camping Maloja - Plan Curtinac,7516 Maloja (GR),,2,5,110,01.06.2024 − 30.09.2024,,,,,,,0,0,0,0,0,1,0,0,0,0,0,0,1,1,1,0,1,0,1,1,1,1,1,0,0,1,1,0,1,0,1,1,1,0,0,0
https://camping.ch/de/campingplatz/freiburg-neuenburg-jura/goumois/vieux-pont?l=true,Camping Vieux Pont,2728 Goumois (JU),,1,2,35,15.04.2024 − 15.10.2024,,,,,,,0,0,0,0,0,0,0,0,0,0,0,0,0,0,0,0,0,0,0,0,0,0,0,0,0,0,0,1,0,1,1,1,1,1,0,0
https://camping.ch/de/campingplatz/zentralschweiz/oberiberg/oberiberg?l=true,Oberiberg,8843 Oberiberg (SZ),,4,6,15,01.01.2024 − 31.12.2024,,,,,,,0,0,0,0,0,0,0,0,0,0,0,0,1,1,1,0,0,0,0,0,0,0,0,0,0,1,0,1,0,0,0,1,1,1,0,0
https://camping.ch/de/campingplatz/ostschweiz/kaltenbach/chaemihuette?l=true,Camping Chämihütte,8259 Kaltenbach (TG),,2,7,0,01.03.2024 − 31.10.2024,,,,,,,0,0,0,0,0,0,0,0,0,0,0,0,0,0,0,0,1,0,0,0,0,0,0,0,0,0,1,0,0,0,0,0,0,0,0,0
https://camping.ch/de/campingplatz/nordwestschweiz/mumpf/camping-park-mumpf?l=true,Camping-Park Mumpf,4322 Mumpf (AG),,0,2,0,01.04.2024 − 31.10.2024,,,,,,,0,0,0,0,0,0,0,0,0,0,0,0,0,0,1,0,0,0,0,0,0,0,0,0,0,1,0,0,0,0,1,1,1,0,0,0
https://camping.ch/de/campingplatz/zuerich/saland/saland?l=true,Saland,8493 Saland (ZH),,3,6,40,01.01.2024 − 31.12.2024,,,,,,,0,0,0,0,0,0,0,0,0,0,0,0,0,0,1,0,1,0,0,0,0,0,0,0,0,0,0,1,0,0,1,1,0,0,0,0
https://camping.ch/de/campingplatz/wallis/champsec/camping-de-champsec?l=true,Camping de Champsec,1947 Champsec (VS),,1,1,25,15.05.2024 − 31.10.2024,,,,,,,0,0,0,0,0,0,0,0,0,0,0,0,0,0,0,0,1,0,0,0,0,0,0,0,0,1,0,1,0,0,1,0,1,0,0,0
https://camping.ch/de/campingplatz/wallis/saas-grund/bergheimat?l=true,Bergheimat,3910 Saas Grund (VS),,2,9,40,01.01.2024 − 31.12.2024,,,,,,,0,0,0,0,0,0,0,0,0,0,0,0,0,0,0,0,0,0,0,0,0,0,0,0,0,1,0,0,0,0,0,0,1,0,0,0
https://camping.ch/de/campingplatz/zentralschweiz/andermatt/gotthard-camping-andermatt?l=true,Gotthard Camping Andermatt,6490 Andermatt (UR),,0,6,30,15.05.2024 − 15.10.2024,,,,,,,0,0,0,0,0,0,0,0,1,0,0,0,1,1,1,1,1,1,0,0,0,1,0,0,0,1,0,1,0,0,1,1,1,0,0,0
https://camping.ch/de/campingplatz/ostschweiz/schoenengrund/camping-schoenengrund?l=true,Camping Schönengrund,9105 Schönengrund (AR),,0,3,15,01.01.2024 − 31.12.2024,,,,,,,0,0,0,0,0,0,0,0,0,0,0,0,0,1,0,0,1,0,0,0,0,0,0,0,0,1,1,0,0,0,0,0,1,0,0,0
https://camping.ch/de/campingplatz/ostschweiz/steckborn/strandbad_steckborn?l=true,Strandbad Steckborn,8266 Steckborn (TG),,0,8,150,07.04.2024 − 31.10.2024,,,,,,,0,0,0,0,0,1,1,0,0,0,1,0,0,0,0,0,0,0,1,1,0,1,1,0,0,0,0,1,1,0,0,0,0,0,0,0
https://camping.ch/de/campingplatz/ostschweiz/gonten/jakobsbad?l=true,Jakobsbad,9108 Gonten (AI),,3,11,20,01.01.2024 − 31.12.2024,,,,,,,0,0,0,0,0,0,0,0,0,0,0,0,0,0,1,0,0,0,0,0,0,0,0,0,0,1,0,1,0,0,0,1,0,1,0,0
https://camping.ch/de/campingplatz/graubuenden/pontresina/camping-morteratsch?l=true,Camping Morteratsch,7504 Pontresina (GR),,4,11,250,01.01.2024 − 31.12.2024,,,,,,,0,0,0,0,0,1,0,0,1,0,1,0,0,1,1,1,1,1,1,1,0,0,1,0,1,1,1,1,1,0,1,1,1,1,0,0
https://camping.ch/de/campingplatz/graubuenden/tiefencastel/cumpogna?l=true,Camping Cumpogna,7450 Tiefencastel (GR),,2,8,10,01.01.2024 − 31.12.2024,,,,,,,0,0,0,0,0,0,0,0,0,0,0,0,0,0,1,0,1,0,0,0,0,0,0,0,0,0,0,1,0,0,0,1,1,0,0,0
https://camping.ch/de/campingplatz/graubuenden/madulain/camping-madulain?l=true,Camping Madulain,7523 Madulain (GR),,4,3,30,01.06.2024 − 20.10.2024,20.12.2024 − 10.04.2025,,,,,,0,0,0,0,0,0,0,0,0,0,0,0,1,0,1,0,1,0,1,0,0,0,1,0,0,1,1,1,0,0,0,1,1,1,0,0
https://camping.ch/de/campingplatz/zentralschweiz/vitznau/camping-vitznau?l=true,Camping Vitznau,6354 Vitznau (LU),,4,11,60,Nebensaison 1: 01.04.2024 − 30.06.2024,Hauptsaison: 01.07.2024 − 31.08.2024,Nebensaison 2: 01.09.2024 − 02.10.2024,,,,,0,0,0,0,0,0,1,1,1,0,0,0,1,0,1,1,1,1,0,0,0,1,1,0,0,1,1,1,0,1,1,0,1,1,0,0
https://camping.ch/de/campingplatz/freiburg-neuenburg-jura/gumefens/du-lac-gumefens?l=true,Camping du Lac - Gumefens,1643 Gumefens (FR),,3,5,50,01.04.2024 − 31.10.2024,,,,,,,0,0,0,0,0,0,0,0,1,0,0,0,0,0,1,0,0,0,0,0,0,0,0,0,0,1,0,1,0,0,0,1,1,0,0,0
https://camping.ch/de/campingplatz/freiburg-neuenburg-jura/pr-les/camping-de-pr-les?l=true,Camping de Prêles,2515 Prêles (BE),www.camping-jura.ch,4,2,70,01.04.2024 − 15.10.2024,,,,,,,0,0,0,0,0,0,0,0,0,0,1,0,0,0,0,0,0,0,0,1,0,1,0,0,0,1,1,1,0,1,0,0,1,1,0,0
https://camping.ch/de/campingplatz/wallis/reckingen/augenstern?l=true,Augenstern,3998 Reckingen (VS),,3,1,100,15.05.2024 − 15.10.2024,15.12.2024 − 15.02.2025,,,,,,0,0,0,0,0,0,0,0,0,0,1,0,0,0,0,0,0,0,0,1,1,0,0,0,0,1,0,0,0,0,1,1,1,0,0,0
https://camping.ch/de/campingplatz/waadt-genfersee/salavaux/tcs-camping-salavaux-plage?l=true,TCS Camping Salavaux Plage,1585 Salavaux (VD),,4,8,115,01.04.2024 − 24.10.2024,,,,,,,0,0,0,0,0,0,0,0,1,0,0,0,0,0,1,0,1,0,0,0,0,0,0,0,0,1,0,1,1,0,0,0,1,1,1,0
https://camping.ch/de/campingplatz/graubuenden/sta-maria/camping-p-da-munt?l=true,Camping Pè da Munt,7536 Sta. Maria (GR),,2,1,60,01.05.2024 − 20.10.2024,,,,,,,0,0,0,0,0,0,0,0,0,0,0,0,0,0,1,0,0,1,0,0,0,0,0,0,0,0,1,1,0,1,1,0,1,1,0,0
https://camping.ch/de/campingplatz/berner-mitelland/rueschegg-heubach/camping-rueschegg-heubach?l=true,Camping Rüschegg-Heubach,3154 Rüschegg-Heubach (BE),,3,0,0,01.01.2024 − 31.12.2024,,,,,,,0,0,0,0,0,1,0,0,0,0,1,0,0,1,0,1,1,0,1,0,0,0,0,0,0,1,0,1,0,0,1,0,1,1,0,1
https://camping.ch/de/campingplatz/berner-oberland/meiringen/alpencamping?l=true,Alpencamping,3860 Meiringen (BE),www.alpencamping.ch,4,11,34,01.01.2024 − 31.12.2024,,,,,,,0,0,0,0,0,0,0,0,0,0,1,0,1,1,0,1,1,1,1,0,1,1,1,0,0,1,1,1,0,1,1,1,1,1,0,0
https://camping.ch/de/campingplatz/wallis/fiesch/eggishorn?l=true,Eggishorn,3984 Fiesch (VS),,4,6,127,01.01.2024 − 31.12.2024,,,,,,,0,0,0,0,1,0,0,0,0,0,1,0,0,0,0,1,0,0,1,1,0,1,0,0,0,1,0,1,0,0,1,1,1,1,0,0
https://camping.ch/de/campingplatz/berner-oberland/unterseen-interlaken/camping-hobby-3?l=true,Camping Hobby 3,3800 Unterseen-Interlaken (BE),,4,11,80,01.04.2024 − 04.10.2024,,,,,,,0,0,0,0,0,0,1,1,1,0,1,0,1,1,1,1,1,0,1,0,0,1,1,0,0,1,1,1,0,1,1,1,1,1,0,0
https://camping.ch/de/campingplatz/tessin/meride/camping-monte-san-giorgio?l=true,Camping Monte San Giorgio,6866 Meride (TI),,4,8,64,19.04.2024 − 29.09.2024,,,,,,,0,0,0,0,0,0,0,0,1,0,0,0,0,0,0,0,0,0,0,0,0,0,0,0,0,1,0,1,0,0,1,0,1,1,1,0
https://camping.ch/de/campingplatz/freiburg-neuenburg-jura/estavayer-le-lac/nouvelle-plage?l=true,Nouvelle Plage,1470 Estavayer-Le-Lac (FR),,3,3,60,25.03.2024 − 20.10.2024,,,,,,,0,0,0,0,0,0,0,0,1,0,0,0,0,0,1,0,0,0,0,0,0,0,0,0,0,1,1,1,0,0,1,1,0,0,0,0
