url,name,locality,sport_fields_result,watersports_facilities_result,rentals_sporting_goods_result,entertainment,playground,disco,wifi,TV lounge,tourist pitches,easy access for disabled people,animals allowed,kitchen,BBQ area,open[%],restaurant_bars_result,shopping_result,washing_result,star category,membership_result,hiking,water_side_result,activities,public_transport_result
https://camping.ch/de/campingplatz/tessin/meride/camping-monte-san-giorgio?l=true,Camping Monte San Giorgio,6866 Meride (TI),0,0,1,0,0,0,0,0,64.0,0,0,0,0,0.4465753424657534,0,0,1,4,1,1,1,8,1
https://camping.ch/de/campingplatz/wallis/fiesch/eggishorn?l=true,Eggishorn,3984 Fiesch (VS),0,1,0,0,1,0,0,0,127.0,1,0,0,1,1.0,1,1,1,4,1,1,1,6,1
https://camping.ch/de/campingplatz/wallis/les-mar-cottes/la-m-dettaz?l=true,La Médettaz,1923 Les Marécottes (VS),0,0,1,0,0,0,0,0,30.0,0,1,0,0,0.41643835616438357,1,1,1,2,0,1,0,5,1
https://camping.ch/de/campingplatz/berner-oberland/gadmen/gadmen?l=true,Gadmen,3863 Gadmen (BE),0,0,0,0,0,0,0,0,50.0,0,1,0,0,0.5013698630136987,0,0,0,2,1,0,0,11,0
https://camping.ch/de/campingplatz/tessin/monteggio/boscodellabella?l=true,Bosco della Bella,6998 Monteggio (TI),0,0,0,0,0,0,0,0,10.0,0,0,0,0,1.0,0,0,0,0,0,0,1,2,0
https://camping.ch/de/campingplatz/wallis/la-fouly-val-ferret/des-glaciers?l=true,Camping des Glaciers,1944 La Fouly - Val Ferret (VS),0,0,0,0,1,0,1,1,298.0,0,1,0,0,0.40821917808219177,1,1,1,4,0,0,1,0,1
https://camping.ch/de/campingplatz/zuerich/maur/naturfreunde-zeltplatz-aschbach?l=true,Naturfreunde Zeltplatz Aschbach,8124 Maur (ZH),0,0,0,0,0,0,0,0,15.0,0,0,0,0,0.3315068493150685,0,0,0,0,0,0,1,11,0
https://camping.ch/de/campingplatz/wallis/morgins/la-mare-au-diable?l=true,La Mare au diable,1875 Morgins (VS),0,0,1,0,0,0,1,0,5.0,0,1,0,0,1.0,0,0,1,3,0,1,0,2,1
https://camping.ch/de/campingplatz/freiburg-neuenburg-jura/marin-epagnier/la-t-ne-plage?l=true,TCS Camping La Tène Neuenburgersee,2074 Marin-Epagnier (NE),0,0,1,0,0,0,0,0,80.0,0,0,0,0,0.4986301369863014,0,0,1,3,1,1,0,5,1
https://camping.ch/de/campingplatz/zentralschweiz/euthal/camping-euthal?l=true,Camping Euthal,8844 Euthal (SZ),0,0,1,0,0,0,0,0,43.0,0,0,0,0,0.5013698630136987,0,0,1,3,1,1,1,8,1
https://camping.ch/de/campingplatz/berner-oberland/hasliberg-goldern/camping-hofstatt-derfli?l=true,Camping Hofstatt - Derfli,6085 Hasliberg Goldern (BE),0,0,0,0,0,0,0,0,40.0,0,1,0,0,0.8383561643835616,0,0,1,4,1,1,0,11,1
https://camping.ch/de/campingplatz/berner-oberland/burgistein/camping-burgistein?l=true,Camping Burgistein,3664 Burgistein (BE),0,0,0,0,1,0,1,0,10.0,1,1,0,1,1.0,1,1,1,3,0,1,0,1,1
https://camping.ch/de/campingplatz/wallis/randa/attermenzen?l=true,Camping Attermenzen Randa,3928 Randa (VS),0,0,0,0,1,0,1,0,500.0,1,1,0,1,0.33424657534246577,1,1,1,3,0,1,1,9,1
https://camping.ch/de/campingplatz/waadt-genfersee/chessel/au-grand-bois?l=true,Au Grand-Bois,1846 Chessel (VD),0,0,0,0,0,0,0,0,20.0,0,0,0,0,1.0,0,0,1,3,0,1,1,8,1
https://camping.ch/de/campingplatz/ostschweiz/arbon/buchhorn?l=true,Buchhorn,9320 Arbon (TG),0,1,1,0,0,0,1,1,160.0,1,0,0,1,0.4191780821917808,1,1,1,3,1,1,1,11,1
https://camping.ch/de/campingplatz/ostschweiz/wildhaus/camping-schafbergblick?l=true,Camping Schafbergblick,9658 Wildhaus (SG),0,0,0,0,0,0,0,0,25.0,0,0,1,0,1.0,0,0,1,2,0,0,0,11,1
https://camping.ch/de/campingplatz/berner-mitelland/gohl/mettlen?l=true,Mettlen,3553 Gohl (BE),0,0,0,0,0,0,0,0,50.0,0,1,0,0,1.0,0,0,1,3,0,0,0,1,1
https://camping.ch/de/campingplatz/berner-oberland/kandersteg/rendez-vous?l=true,Camping Rendez-Vous,3718 Kandersteg (BE),0,0,0,0,1,0,0,0,40.0,0,1,1,1,1.0,1,1,1,3,1,1,1,6,1
https://camping.ch/de/campingplatz/ostschweiz/kloental/guentlenau?l=true,Güntlenau,8750 Klöntal (GL),0,0,0,0,0,0,0,0,60.0,0,1,0,0,0.41643835616438357,0,0,0,1,0,0,1,0,1
https://camping.ch/de/campingplatz/graubuenden/sta-maria/camping-p-da-munt?l=true,Camping Pè da Munt,7536 Sta. Maria (GR),0,0,0,0,0,0,0,0,60.0,0,0,1,0,0.4712328767123288,0,0,1,2,1,1,1,1,1
https://camping.ch/de/campingplatz/berner-oberland/adelboden/bergblick?l=true,Camping Bergblick,3715 Adelboden (BE),0,1,0,0,1,0,1,0,15.0,0,1,0,1,0.9315068493150684,0,0,1,0,0,1,1,8,1
https://camping.ch/de/campingplatz/berner-mitelland/hinterkappelen/tcs-camping-bern-eymatt?l=true,TCS Camping Bern-Eymatt,3032 Hinterkappelen (BE),0,0,0,0,0,0,0,0,127.0,0,1,0,0,0.5863013698630137,0,0,1,4,1,1,0,11,1
https://camping.ch/de/campingplatz/berner-oberland/unterseen-interlaken/camping-hobby-3?l=true,Camping Hobby 3,3800 Unterseen-Interlaken (BE),0,0,1,0,1,0,1,1,80.0,1,1,0,1,0.5095890410958904,0,1,1,4,1,1,1,11,1
https://camping.ch/de/campingplatz/wallis/visp/camping-muehleye?l=true,Camping & Schwimmbad Mühleye,3930 Visp (VS),0,1,1,1,1,0,1,0,190.0,1,1,0,1,0.6,1,1,1,4,1,1,1,10,1
https://camping.ch/de/campingplatz/wallis/salvan/van-d-en-haut?l=true,Van d'En Haut,1922 Salvan (VS),0,0,0,0,0,0,0,0,60.0,0,0,0,0,0.3315068493150685,0,0,1,1,1,0,1,6,1
https://camping.ch/de/campingplatz/waadt-genfersee/corcelettes/les-pins?l=true,Les Pins,1422 Corcelettes (VD),0,0,0,0,0,0,0,0,20.0,0,1,0,0,0.4986301369863014,0,0,1,3,0,0,0,7,1
https://camping.ch/de/campingplatz/zuerich/kleinandelfingen/raessenwies?l=true,Rässenwies,8451 Kleinandelfingen (ZH),0,0,0,0,0,0,0,0,10.0,0,0,0,0,0.536986301369863,0,0,1,2,0,0,1,3,1
https://camping.ch/de/campingplatz/ostschweiz/bischofszell/leutswil?l=true,Campingplatz Leutswil,9220 Bischofszell (TG),0,0,0,0,0,0,0,0,12.0,0,0,0,0,0.5835616438356165,1,1,1,3,1,0,1,10,1
https://camping.ch/de/campingplatz/waadt-genfersee/noville/les-grangettes?l=true,Les Grangettes,1845 Noville (VD),0,1,0,0,1,0,1,0,70.0,1,1,0,1,1.0,1,1,1,4,0,1,1,11,0
https://camping.ch/de/campingplatz/graubuenden/cinuos-chel/chapella?l=true,Chapella,7526 Cinuos-Chel (GR),0,0,0,0,0,0,0,0,100.0,0,1,0,0,0.5013698630136987,0,0,1,3,1,0,1,5,0
https://camping.ch/de/campingplatz/zentralschweiz/sachseln/camping-ewil?l=true,Camping Ewil,6072 Sachseln (OW),0,1,0,0,0,0,0,0,27.0,1,1,1,0,0.4931506849315068,1,1,1,3,1,1,1,5,1
https://camping.ch/de/campingplatz/graubuenden/mesocco/san-bernardino?l=true,Campeggio San Bernardino,6565 Mesocco (GR),0,0,0,0,0,0,0,0,30.0,0,0,0,0,1.0,0,0,0,2,0,0,0,0,0
https://camping.ch/de/campingplatz/freiburg-neuenburg-jura/plaffeien/fuellmattli?l=true,Camping Füllmattli,1716 Plaffeien (FR),0,1,0,0,0,0,1,0,15.0,0,1,0,1,0.5835616438356165,0,1,1,2,0,1,1,1,1
https://camping.ch/de/campingplatz/waadt-genfersee/bullet/les-cluds?l=true,Les Cluds,1453 Bullet (VD),0,0,0,0,0,0,0,0,20.0,0,0,0,0,1.0,0,0,0,3,1,1,1,7,1
https://camping.ch/de/campingplatz/graubuenden/le-prese/camping-cavresc?l=true,Camping Cavresc,7746 Le Prese (GR),0,0,0,0,0,0,0,0,70.0,0,1,0,1,1.0,0,1,1,4,1,1,1,0,1
https://camping.ch/de/campingplatz/grenznah/prutz-tirol/aktiv-camping-prutz-tirol?l=true,Aktiv-Camping Prutz / Tirol,6522 Prutz/Tirol (Bezirk Landeck),1,0,1,1,1,0,1,1,130.0,1,1,0,1,1.0,1,1,1,4,0,1,1,8,1
https://camping.ch/de/campingplatz/wallis/sion/sedunum?l=true,Sedunum,1950 Sion (VS),0,0,0,0,0,0,0,0,30.0,0,0,0,0,0.5835616438356165,0,0,1,3,1,0,0,4,1
https://camping.ch/de/campingplatz/tessin/monteggio/tresiana?l=true,Camping Tresiana,6998 Monteggio (TI),1,1,0,1,1,0,1,1,95.0,1,1,1,1,0.5780821917808219,1,1,1,4,1,1,1,2,1
https://camping.ch/de/campingplatz/wallis/champsec/camping-de-champsec?l=true,Camping de Champsec,1947 Champsec (VS),0,0,0,0,0,0,0,0,25.0,0,1,0,0,0.46301369863013697,0,0,1,1,0,1,1,1,1
https://camping.ch/de/campingplatz/zentralschweiz/giswil/camping-international-giswil-sarnersee?l=true,Camping International Giswil Sarnersee,6074 Giswil (OW),0,1,1,0,1,0,1,1,100.0,1,1,0,1,0.5616438356164384,1,1,1,4,1,1,1,5,1
https://camping.ch/de/campingplatz/berner-oberland/oberwil-im-simmental/camping-arnist?l=true,Camping Arnist,3765 Oberwil im Simmental (BE),0,1,1,0,1,1,0,1,30.0,1,1,0,1,1.0,1,1,1,0,1,1,1,1,1
https://camping.ch/de/campingplatz/wallis/leukerbad/sportarena?l=true,Sportarena,3954 Leukerbad (VS),1,0,0,0,1,0,0,1,80.0,1,1,0,0,0.5013698630136987,1,0,1,3,0,1,1,6,1
https://camping.ch/de/campingplatz/freiburg-neuenburg-jura/gumefens/du-lac-gumefens?l=true,Camping du Lac - Gumefens,1643 Gumefens (FR),0,0,1,0,0,0,0,0,50.0,0,0,0,0,0.5835616438356165,0,0,1,3,0,1,0,5,1
https://camping.ch/de/campingplatz/berner-oberland/blumenstein/campingplatz-und-pilgerlager-blumenstein?l=true,Campingplatz und Pilgerlager Blumenstein,3638 Blumenstein (BE),0,0,0,0,0,0,1,0,15.0,1,1,0,0,0.41643835616438357,0,0,1,2,0,1,1,7,1
https://camping.ch/de/campingplatz/berner-oberland/boenigen/seeruhe?l=true,Seeruhe,3806 Bönigen (BE),0,0,0,0,0,0,0,0,88.0,0,0,0,0,0.41643835616438357,0,0,0,0,0,1,1,11,1
https://camping.ch/de/campingplatz/wallis/brig/geschina?l=true,Camping Geschina,3900 Brig (VS),0,0,0,0,0,0,0,0,127.0,0,1,0,0,0.4849315068493151,0,0,1,4,0,0,1,11,1
https://camping.ch/de/campingplatz/wallis/leuk-susten/gemmi-agarn?l=true,Gemmi Agarn,3952 Leuk-Susten (VS),0,0,0,0,1,0,0,0,64.0,0,1,0,0,0.5205479452054794,1,1,1,4,0,1,0,3,1
https://camping.ch/de/campingplatz/graubuenden/trun/campadi-trun?l=true,Campadi Trun,7166 Trun (GR),0,0,0,0,0,0,0,0,60.0,1,1,0,1,0.4712328767123288,1,1,1,0,1,1,1,2,1
https://camping.ch/de/campingplatz/berner-oberland/lenk/seegarten?l=true,Seegarten,3775 Lenk (BE),0,0,0,0,0,0,0,0,20.0,0,0,0,0,0.8328767123287671,0,0,1,3,1,1,1,6,1
https://camping.ch/de/campingplatz/berner-mitelland/rueschegg-heubach/camping-rueschegg-heubach?l=true,Camping Rüschegg-Heubach,3154 Rüschegg-Heubach (BE),0,1,0,0,1,0,0,0,20.0,1,1,0,1,1.0,0,0,1,3,1,1,1,0,1
https://camping.ch/de/campingplatz/tessin/astano/campeggio-al-parco-d-oro?l=true,Campeggio al parco d'oro,6999 Astano (TI),0,0,0,0,1,0,1,0,48.0,0,1,0,1,0.4547945205479452,0,1,1,3,0,1,1,3,1
https://camping.ch/de/campingplatz/tessin/blenio-acquacalda-/centro-pro-natura-lucomagno?l=true,Centro Pro Natura Lucomagno,6718 Blenio (Acquacalda) (TI),0,0,0,0,1,0,0,0,15.0,1,1,0,1,0.4191780821917808,1,1,0,0,0,0,1,1,1
https://camping.ch/de/campingplatz/berner-oberland/brienz/camping-seebucht?l=true,Camping Seebucht,3855 Brienz (BE),0,1,0,0,0,0,0,0,14.0,0,0,0,0,0.5835616438356165,0,0,1,2,0,1,1,9,1
https://camping.ch/de/campingplatz/berner-oberland/boltigen/camping-jaunpass?l=true,Camping Jaunpass,3766 Boltigen (BE),0,0,0,0,1,0,0,1,35.0,0,1,1,1,1.0,1,1,1,3,0,1,0,3,1
https://camping.ch/de/campingplatz/zuerich/maur/rausenbach?l=true,Rausenbach,8124 Maur (ZH),0,1,1,0,1,0,0,1,40.0,1,1,0,1,0.5534246575342465,1,1,1,0,1,1,1,11,1
https://camping.ch/de/campingplatz/tessin/tenero/lago-maggiore?l=true,Lago Maggiore,6598 Tenero (TI),0,0,0,0,0,0,0,0,127.0,0,0,0,0,0.5808219178082191,0,0,1,4,1,0,1,11,1
https://camping.ch/de/campingplatz/wallis/les-haud-res/molignon?l=true,Molignon,1984 Les Haudères (VS),0,0,0,0,0,0,0,0,110.0,0,0,0,0,1.0,0,0,1,4,0,0,1,1,1
https://camping.ch/de/campingplatz/freiburg-neuenburg-jura/st-ursanne/camping-de-st-ursanne?l=true,Le Chandelier,2882 Saint-Ursanne (JU),0,1,1,0,0,0,1,1,25.0,0,1,0,0,1.0,1,0,1,2,1,1,1,2,1
https://camping.ch/de/campingplatz/freiburg-neuenburg-jura/del-mont/la-grande-ecluse?l=true,La Grande Ecluse,2800 Delémont (JU),0,0,0,0,0,0,0,0,35.0,0,0,0,0,0.5452054794520548,0,0,1,3,1,0,1,3,1
https://camping.ch/de/campingplatz/graubuenden/chur/camp-au?l=true,Camp Au,7000 Chur (GR),0,0,0,0,0,0,0,0,127.0,1,1,0,0,1.0,0,0,1,4,1,1,1,11,1
https://camping.ch/de/campingplatz/ostschweiz/walenstadt/see-camping?l=true,See-Camping,8880 Walenstadt (SG),0,0,1,0,0,0,0,0,50.0,0,0,0,0,0.336986301369863,0,0,1,3,1,1,1,9,1
https://camping.ch/de/campingplatz/freiburg-neuenburg-jura/le-locle/camping-la-belle-verte?l=true,Camping La Belle Verte,2400 Le Locle (NE),0,0,0,0,0,0,0,0,38.0,0,0,0,0,0.4821917808219178,0,0,1,2,1,1,0,7,1
https://camping.ch/de/campingplatz/berner-oberland/interlaken/tcs-camping-interlaken?l=true,TCS Camping Interlaken,3800 Interlaken (BE),0,0,0,0,0,0,0,0,105.0,0,0,0,0,0.5452054794520548,0,0,1,3,1,1,1,11,1
https://camping.ch/de/campingplatz/tessin/cureglia/camping-moretto?l=true,Camping Moretto,6944 Cureglia (TI),0,0,0,0,0,0,0,0,120.0,0,0,0,0,0.5287671232876713,0,0,1,3,0,1,0,8,1
https://camping.ch/de/campingplatz/tessin/agno/molinazzo?l=true,Camping Molinazzo,6982 Agno (TI),0,0,0,0,1,0,0,0,96.0,1,1,0,0,0.5671232876712329,1,0,1,3,0,1,1,9,1
https://camping.ch/de/campingplatz/ostschweiz/murg/camping-murg-am-see?l=true,Camping Murg am See,8877 Murg (SG),0,1,0,0,1,0,0,0,45.0,0,0,0,0,0.5397260273972603,1,0,1,3,1,1,1,11,1
https://camping.ch/de/campingplatz/waadt-genfersee/satigny/geneva-city-camping?l=true,Geneva City Camping,1242 Satigny (GE),0,0,0,0,0,0,0,0,127.0,0,1,0,0,1.0,0,1,1,4,1,0,0,6,1
https://camping.ch/de/campingplatz/waadt-genfersee/cully/moratel?l=true,Moratel,1096 Cully (VD),0,0,0,0,0,0,0,0,90.0,0,0,0,0,0.5863013698630137,0,0,1,2,0,1,1,11,1
https://camping.ch/de/campingplatz/graubuenden/sur-en-sent/sur-en-sent?l=true,Sur En / Sent,7554 Sur En / Sent (GR),0,0,1,0,0,0,0,0,120.0,0,0,0,0,1.0,0,0,1,4,1,1,1,4,1
https://camping.ch/de/campingplatz/wallis/saillon/camping-de-la-sarvaz?l=true,Camping de la Sarvaz,1913 Saillon (VS),0,1,0,0,1,0,0,0,43.0,0,1,0,0,1.0,1,1,1,4,0,1,0,2,1
https://camping.ch/de/campingplatz/berner-oberland/zweisimmen/camping-fankhauser?l=true,Camping Fankhauser,3770 Zweisimmen (BE),0,0,0,0,0,0,0,0,15.0,0,1,0,0,1.0,0,0,1,4,1,0,1,3,1
https://camping.ch/de/campingplatz/nordwestschweiz/laeufelfingen/neuhaus?l=true,Neuhaus,4448 Läufelfingen (BL),0,0,0,0,0,0,0,0,20.0,0,0,0,0,0.5452054794520548,0,0,0,2,0,0,0,8,1
https://camping.ch/de/campingplatz/waadt-genfersee/villeneuve/les-horizons-bleus?l=true,Les Horizons Bleus,1844 Villeneuve (VD),0,0,0,0,1,0,1,1,54.0,1,1,1,1,1.0,1,1,1,3,1,1,1,11,1
https://camping.ch/de/campingplatz/zentralschweiz/sisikon/camping_bucheli?l=true,Camping Bucheli,6452 Sisikon (UR),0,0,0,0,1,0,1,0,50.0,0,1,0,0,0.9945205479452055,0,1,1,0,0,1,1,11,1
https://camping.ch/de/campingplatz/zentralschweiz/andermatt/gotthard-camping-andermatt?l=true,Gotthard Camping Andermatt,6490 Andermatt (UR),0,0,1,0,0,0,1,0,30.0,1,1,1,0,0.4191780821917808,0,1,1,0,0,1,1,6,1
https://camping.ch/de/campingplatz/graubuenden/spluegen/camping-spluegen?l=true,Camping Splügen,7435 Splügen (GR),1,0,1,0,1,0,1,0,35.0,0,1,1,1,1.0,1,1,1,3,1,1,1,2,1
https://camping.ch/de/campingplatz/berner-oberland/interlaken-unterseen/camping-lazy-rancho-4?l=true,Camping Lazy Rancho 4,3800 Interlaken-Unterseen (BE),0,1,1,0,1,0,1,1,90.0,1,1,1,1,0.4684931506849315,0,1,1,4,1,1,1,11,1
https://camping.ch/de/campingplatz/berner-oberland/grund-innertkirchen/grund?l=true,Grund,3862 Grund/Innertkirchen (BE),0,0,0,0,0,0,0,0,30.0,0,0,0,0,1.0,0,1,1,3,1,1,0,11,1
https://camping.ch/de/campingplatz/freiburg-neuenburg-jura/ligni-res/fraso-ranch?l=true,Fraso-Ranch,2523 Lignières (NE),1,0,0,1,1,0,0,0,48.0,1,1,1,1,1.0,1,1,1,4,0,1,1,3,1
https://camping.ch/de/campingplatz/zuerich/zuerich/camping-zuerich-fischers-fritz?l=true,Camping Zürich Fischers Fritz,8038 Zürich (ZH),1,1,1,1,1,0,1,0,50.0,1,1,0,1,0.5808219178082191,1,1,1,4,0,0,1,11,1
https://camping.ch/de/campingplatz/tessin/cugnasco/riarena?l=true,Riarena,6516 Cugnasco (TI),0,1,0,0,1,0,1,0,106.0,1,0,0,1,0.6,1,1,1,4,1,1,1,11,1
https://camping.ch/de/campingplatz/graubuenden/rueras/camping_viva?l=true,Camping Viva,7189 Rueras (GR),0,1,0,0,1,0,0,0,100.0,0,1,0,1,0.8273972602739726,1,1,1,0,0,1,1,3,1
https://camping.ch/de/campingplatz/graubuenden/davos-glaris/camping-rinerlodge?l=true,Camping Rinerlodge,7277 Davos Glaris (GR),0,0,0,0,1,0,0,1,84.0,0,1,0,0,1.0,0,1,1,0,0,1,1,11,1
https://camping.ch/de/campingplatz/graubuenden/flims-waldhaus/camping-flims?l=true,Camping Flims,7018 Flims-Waldhaus (GR),0,0,0,0,0,0,1,0,60.0,0,1,0,0,1.0,0,1,1,0,1,1,1,11,1
https://camping.ch/de/campingplatz/graubuenden/lenz-b-lenzerheide/st-cassian?l=true,Camping St. Cassian,7083 Lenz b. Lenzerheide (GR),0,0,1,0,1,0,1,1,70.0,1,1,1,1,1.0,1,0,1,3,1,1,0,7,1
https://camping.ch/de/campingplatz/freiburg-neuenburg-jura/les-paccots/le-bivouac?l=true,Le Bivouac,1619 Les Paccots (FR),0,0,1,0,0,0,0,0,30.0,0,0,0,0,1.4986301369863013,0,0,0,4,0,1,1,10,1
https://camping.ch/de/campingplatz/freiburg-neuenburg-jura/cortaillod/petit-cortaillod-plage?l=true,Petit-Cortaillod-plage,2016 Cortaillod (NE),0,0,0,0,0,0,0,0,12.0,0,0,0,0,0.5835616438356165,0,0,1,2,1,1,0,3,1
https://camping.ch/de/campingplatz/zuerich/horgen/sihlwald?l=true,Campingplatz Sihlwald,8815 Horgen (ZH),0,1,0,0,1,0,1,0,60.0,0,1,0,1,0.5835616438356165,1,1,1,3,1,0,1,10,1
https://camping.ch/de/campingplatz/ostschweiz/wagenhausen/wagenhausen?l=true,Wagenhausen,8259 Wagenhausen (TG),0,1,1,0,1,0,1,0,40.0,1,1,1,1,0.6,1,1,1,4,1,1,1,7,1
https://camping.ch/de/campingplatz/graubuenden/lenzerheide/camping-gravas?l=true,Camping Gravas,7078 Lenzerheide (GR),0,0,1,0,1,0,1,1,35.0,0,1,0,1,1.0,0,0,1,2,1,1,1,8,1
https://camping.ch/de/campingplatz/berner-oberland/beatenberg/bauernhofcamping-wang?l=true,Bauernhofcamping Wang,3803 Beatenberg (BE),0,0,0,0,1,0,1,0,24.0,0,1,1,1,0.5424657534246575,0,0,1,2,0,1,0,11,1
https://camping.ch/de/campingplatz/zuerich/flaach/tcs-camping-flaach-am-rhein?l=true,TCS Camping Flaach am Rhein,8416 Flaach (ZH),0,0,0,0,0,0,0,0,90.0,0,0,0,0,0.5643835616438356,0,0,1,4,1,1,1,4,1
https://camping.ch/de/campingplatz/graubuenden/samedan/tcs-camping-samedan?l=true,TCS Camping Samedan,7503 Samedan (GR),0,0,0,0,0,0,0,0,80.0,0,0,0,0,0.7945205479452054,0,0,1,3,1,1,1,11,1
https://camping.ch/de/campingplatz/ostschweiz/egnach/camping-seehorn?l=true,Camping Seehorn,9322 Egnach (TG),0,1,0,0,0,0,0,0,100.0,0,0,0,0,0.663013698630137,1,1,1,4,1,0,1,10,1
https://camping.ch/de/campingplatz/nordwestschweiz/reinach-basel/waldhort?l=true,Waldhort,4153 Reinach / Basel (BL),0,1,0,0,1,0,0,0,75.0,1,1,1,1,0.5863013698630137,1,1,1,4,1,1,1,11,1
https://camping.ch/de/campingplatz/zentralschweiz/morgarten/camping_neselen?l=true,Camping Neselen Morgarten,6315 Morgarten (ZG),0,1,0,0,0,0,0,0,40.0,0,1,0,1,0.16712328767123288,0,0,0,0,0,1,1,11,1
https://camping.ch/de/campingplatz/graubuenden/surcuolm/camping-surcuolm?l=true,Camping Surcuolm,7138 Surcuolm (GR),0,0,0,0,0,0,0,0,30.0,0,1,0,0,1.0,0,0,1,4,1,1,0,10,1
https://camping.ch/de/campingplatz/ostschweiz/kaltenbach/chaemihuette?l=true,Camping Chämihütte,8259 Kaltenbach (TG),0,0,0,0,0,0,0,0,0.0,0,1,0,0,0.6684931506849315,0,0,1,2,0,0,0,7,0
https://camping.ch/de/campingplatz/nordwestschweiz/bad-zurzach/camping-bad-zurzach?l=true,Camping Bad Zurzach,5330 Bad Zurzach (AG),0,0,1,0,0,0,0,0,40.0,0,1,0,0,0.5945205479452055,0,0,1,4,1,0,1,3,1
https://camping.ch/de/campingplatz/ostschweiz/bad-ragaz/giessenpark?l=true,Giessenpark,7310 Bad Ragaz (SG),0,0,1,0,1,0,1,0,47.0,1,1,1,0,1.0,1,0,1,4,0,1,1,11,1
https://camping.ch/de/campingplatz/graubuenden/churwalden/pradafenz?l=true,Pradafenz,7075 Churwalden (GR),0,0,1,0,0,0,0,0,50.0,1,0,0,0,0.7671232876712328,0,0,1,4,1,1,0,11,1
https://camping.ch/de/campingplatz/berner-oberland/boenigen/tcs-camping-boenigen-interlaken?l=true,TCS Camping Bönigen - Interlaken,3806 Bönigen (BE),0,0,0,0,0,0,0,0,107.0,0,0,0,0,0.5643835616438356,0,0,1,4,1,1,1,11,1
https://camping.ch/de/campingplatz/freiburg-neuenburg-jura/duedingen/schiffenensee?l=true,Schiffenensee,3186 Düdingen (FR),0,0,0,0,0,0,0,0,60.0,0,0,0,0,0.5835616438356165,0,0,0,4,1,1,1,11,1
https://camping.ch/de/campingplatz/freiburg-neuenburg-jura/sugiez/praz-novy?l=true,Praz Novy,1786 Sugiez (FR),0,0,0,0,0,0,0,0,0.0,0,0,0,0,0.5835616438356165,0,0,0,2,0,1,0,7,1
https://camping.ch/de/campingplatz/tessin/gudo/campeggio-la-serta?l=true,Campeggio La Serta,6515 Gudo (TI),0,0,0,0,0,0,0,0,29.0,0,1,0,0,0.6027397260273972,0,0,0,1,0,0,1,11,1
https://camping.ch/de/campingplatz/wallis/ritzingen/camping-brigga?l=true,Brigga Camping,3989 Ritzingen (VS),0,0,0,0,0,0,0,0,127.0,0,1,0,0,0.4821917808219178,1,0,0,0,0,1,1,1,1
https://camping.ch/de/campingplatz/graubuenden/tiefencastel/cumpogna?l=true,Camping Cumpogna,7450 Tiefencastel (GR),0,0,0,0,0,0,0,0,10.0,0,1,0,0,1.0,0,0,0,2,0,1,0,8,1
https://camping.ch/de/campingplatz/berner-oberland/wilderswil/oberei?l=true,Oberei,3812 Wilderswil (BE),0,0,0,0,0,0,0,1,60.0,0,0,0,0,0.5013698630136987,0,1,1,3,1,1,0,11,1
https://camping.ch/de/campingplatz/berner-oberland/lauterbrunnen/jungfrau-lauterbrunnen?l=true,Camping Jungfrau AG,3822 Lauterbrunnen (BE),0,0,0,0,1,0,1,1,127.0,1,1,1,1,0.8767123287671232,1,1,0,5,1,1,1,11,1
https://camping.ch/de/campingplatz/wallis/kippel/camping_loetschental?l=true,Camping Lötschental,3917 Kippel (VS),1,0,0,0,0,0,1,0,40.0,1,1,0,1,0.4931506849315068,0,0,1,0,1,1,1,5,1
https://camping.ch/de/campingplatz/freiburg-neuenburg-jura/le-noirmont/camping-du-creux-des-biches?l=true,Jura Bivouac,2340 Le Noirmont (JU),0,0,0,0,0,0,0,0,40.0,0,0,0,0,1.0,0,0,0,0,0,0,0,4,0
https://camping.ch/de/campingplatz/freiburg-neuenburg-jura/saignel-gier/camping-communal?l=true,Camping Saignelégier,2350 Saignelégier (JU),0,0,0,0,0,0,0,0,100.0,0,0,0,0,0.5013698630136987,0,0,0,1,1,1,1,2,1
https://camping.ch/de/campingplatz/wallis/nax/grand-paradis?l=true,Alp Safari,1973 Nax (VS),0,0,0,0,0,0,0,0,60.0,0,0,0,0,0.4986301369863014,0,0,1,3,0,0,0,8,1
https://camping.ch/de/campingplatz/nordwestschweiz/mumpf/camping-park-mumpf?l=true,Camping-Park Mumpf,4322 Mumpf (AG),0,0,0,0,0,0,0,0,0.0,0,0,0,0,0.5835616438356165,0,0,1,0,0,0,1,2,1
https://camping.ch/de/campingplatz/zentralschweiz/soerenberg/rischli?l=true,Camping Rischli,6174 Sörenberg (LU),0,0,0,0,0,0,0,0,10.0,0,1,0,0,0.6986301369863014,0,0,1,3,1,0,0,5,0
https://camping.ch/de/campingplatz/tessin/cadenazzo/campingalex?l=true,Camping Alex,6593 Cadenazzo (TI),0,1,0,0,1,0,0,1,30.0,0,1,0,0,0.7397260273972602,0,1,1,2,1,1,1,8,1
https://camping.ch/de/campingplatz/tessin/locarno/delta?l=true,Delta,6600 Locarno (TI),1,1,1,1,1,0,1,1,245.0,1,0,0,0,0.6684931506849315,1,1,1,5,1,1,1,11,1
https://camping.ch/de/campingplatz/ostschweiz/st-margrethen/strandbad-camping-bruggerhorn?l=true,Strandbad Camping Bruggerhorn,9430 St. Margrethen (SG),0,1,0,0,0,0,0,1,30.0,0,0,1,1,0.5835616438356165,1,1,1,3,0,1,0,11,1
https://camping.ch/de/campingplatz/zentralschweiz/fluehli/campingplatz-thorbach?l=true,Campingplatz Thorbach,6173 Flühli (LU),0,0,0,0,1,0,0,0,8.0,1,1,0,0,1.0,0,0,1,3,1,1,1,3,1
https://camping.ch/de/campingplatz/zentralschweiz/muotathal/camping-husky-lodge?l=true,Camping Husky-Lodge,6436 Muotathal (SZ),0,0,0,1,1,0,1,0,35.0,1,1,0,1,0.5013698630136987,1,1,0,4,1,1,1,7,1
https://camping.ch/de/campingplatz/zentralschweiz/meierskappel/gerbe?l=true,Erlebnisbauernhof & Camping Gerbe,6344 Meierskappel (LU),0,1,0,0,1,0,1,0,60.0,1,1,0,1,0.6684931506849315,1,1,1,3,1,1,1,10,1
https://camping.ch/de/campingplatz/waadt-genfersee/orbe/tcs-camping-orbe?l=true,TCS Camping Orbe,1350 Orbe (VD),0,0,1,0,0,0,0,0,80.0,0,0,0,0,0.5643835616438356,0,0,1,3,1,1,0,3,1
https://camping.ch/de/campingplatz/tessin/taverne/campeggio-taverne?l=true,Campeggio Taverne,6807 Taverne (TI),0,0,0,0,0,0,0,0,120.0,0,1,0,0,0.5397260273972603,0,0,1,2,0,0,1,5,1
https://camping.ch/de/campingplatz/waadt-genfersee/avenches/camping-port-plage?l=true,Camping Port Plage Avenches,1580 Avenches (VD),0,1,0,1,1,0,1,0,250.0,1,1,0,0,0.4904109589041096,1,1,1,0,0,0,1,8,1
https://camping.ch/de/campingplatz/ostschweiz/krummenau/adler?l=true,Camping Adler,9643 Krummenau (SG),0,0,0,0,0,0,0,0,10.0,0,0,0,0,1.0,0,0,0,2,0,1,1,3,1
https://camping.ch/de/campingplatz/tessin/primadengo/piantett?l=true,Piantett,6760 Primadengo (TI),0,0,0,0,0,0,0,0,80.0,0,0,0,0,0.9972602739726028,0,0,0,2,1,0,1,1,1
https://camping.ch/de/campingplatz/waadt-genfersee/lausanne/camping-de-vidy?l=true,Camping de Vidy,1007 Lausanne (VD),0,0,0,0,1,0,0,0,127.0,0,1,0,0,0.3315068493150685,1,1,0,4,0,1,0,8,1
https://camping.ch/de/campingplatz/freiburg-neuenburg-jura/sugiez/les-trois-lacs?l=true,Camping Les 3 Lacs,1786 Sugiez (FR),1,1,1,1,1,0,1,0,46.0,0,1,1,1,0.41643835616438357,1,0,1,4,0,1,1,7,1
https://camping.ch/de/campingplatz/tessin/acquarossa/acquarossa?l=true,Acquarossa,6716 Acquarossa (TI),0,0,0,0,0,0,0,0,90.0,0,1,0,0,1.0,0,0,1,2,1,0,1,1,1
https://camping.ch/de/campingplatz/tessin/losone/riposo?l=true,Riposo,6616 Losone (TI),0,0,1,0,0,0,0,0,75.0,0,0,0,0,0.5835616438356165,0,0,0,2,0,0,1,11,1
https://camping.ch/de/campingplatz/wallis/martigny/tcs-camping-martigny?l=true,TCS Camping Martigny,1920 Martigny (VS),0,0,0,0,0,0,0,0,127.0,0,0,0,0,0.5643835616438356,0,0,1,3,1,0,0,7,1
https://camping.ch/de/campingplatz/zuerich/winterthur/am-schuetzenweiher?l=true,Am Schützenweiher,8400 Winterthur (ZH),0,0,1,0,1,0,1,1,40.0,0,1,1,1,1.0,0,0,1,3,1,0,1,8,1
https://camping.ch/de/campingplatz/graubuenden/strada/arina?l=true,Arina,7558 Strada (GR),1,1,0,0,1,0,0,0,40.0,0,0,0,0,0.5013698630136987,0,0,1,2,1,0,0,2,1
https://camping.ch/de/campingplatz/ostschweiz/buchs/werdenberg?l=true,Werdenberg,9470 Buchs (SG),0,0,0,0,0,0,0,0,50.0,0,0,0,0,0.5835616438356165,0,0,1,3,1,1,1,11,1
https://camping.ch/de/campingplatz/berner-oberland/interlaken-unterseen/jungfrau?l=true,Jungfrau,3800 Interlaken-Unterseen (BE),0,0,0,0,0,0,0,0,70.0,0,0,0,0,0.5205479452054794,0,0,0,4,0,1,1,11,1
https://camping.ch/de/campingplatz/tessin/agno/la-palma?l=true,La Palma,6982 Agno (TI),0,0,0,0,0,0,0,0,127.0,0,0,0,0,0.5534246575342465,0,0,1,2,0,0,0,9,1
https://camping.ch/de/campingplatz/waadt-genfersee/villars-gryon/les-frassettes?l=true,Les Frassettes,1884 Villars-Gryon (VD),0,0,1,0,1,0,1,1,32.0,0,1,1,1,1.0,0,0,1,3,1,1,0,6,1
https://camping.ch/de/campingplatz/waadt-genfersee/payerne/piscine-camping-payerne?l=true,Piscine Camping Payerne,1530 Payerne (VD),0,0,0,0,0,0,0,0,30.0,0,0,0,0,0.4986301369863014,0,0,0,4,0,1,1,3,1
https://camping.ch/de/campingplatz/ostschweiz/baechli-hemberg/baechli?l=true,Bächli,9633 Bächli-Hemberg (SG),0,0,1,0,1,0,1,0,40.0,1,1,1,1,1.0,0,1,1,4,1,1,0,2,1
https://camping.ch/de/campingplatz/tessin/melano/camping-monte-generoso?l=true,Camping Monte Generoso,6818 Melano (TI),0,1,1,1,1,0,1,1,88.0,1,1,0,0,0.5726027397260274,1,1,1,3,1,1,1,11,1
https://camping.ch/de/campingplatz/waadt-genfersee/aigle/les-glariers?l=true,Camping De La Piscine,1860 Aigle (VD),1,1,0,0,0,0,1,0,31.0,1,1,0,0,0.5232876712328767,1,0,1,3,1,1,1,7,1
https://camping.ch/de/campingplatz/zuerich/ottenbach/reussbruecke?l=true,Reussbrücke,8913 Ottenbach (ZH),0,1,0,0,1,0,0,0,30.0,0,1,0,0,0.5561643835616439,1,1,1,4,0,0,1,3,1
https://camping.ch/de/campingplatz/freiburg-neuenburg-jura/estavayer-le-lac/nouvelle-plage?l=true,Nouvelle Plage,1470 Estavayer-Le-Lac (FR),0,0,1,0,0,0,0,0,60.0,0,0,0,0,0.5726027397260274,0,0,1,3,0,1,1,3,1
https://camping.ch/de/campingplatz/zentralschweiz/sempach/tcs-camping-sempach?l=true,TCS Camping Sempach,6204 Sempach (LU),1,1,1,1,1,0,1,1,230.0,1,1,1,1,0.5726027397260274,1,1,1,4,1,1,1,4,1
https://camping.ch/de/campingplatz/freiburg-neuenburg-jura/portalban/la-nacelle?l=true,Camping Delley-Portalban,1568 Portalban (FR),0,0,1,0,0,0,0,0,50.0,0,0,0,0,0.6301369863013698,0,0,1,3,0,0,0,6,1
https://camping.ch/de/campingplatz/wallis/crans-montana/la-moubra?l=true,La Moubra,3963 Crans-Montana (VS),0,0,0,0,0,0,0,0,80.0,0,0,0,0,0.4767123287671233,0,0,1,2,0,0,1,7,1
https://camping.ch/de/campingplatz/wallis/vissoie/anniviers?l=true,Anniviers,3961 Vissoie (VS),0,0,0,0,0,0,0,0,38.0,0,0,0,0,1.0,0,0,0,2,0,0,0,1,1
https://camping.ch/de/campingplatz/graubuenden/muestair/camping-muglin-val-muestair?l=true,Camping Muglin Val Müstair,7537 Müstair (GR),0,0,1,0,1,0,1,1,65.0,1,1,0,1,0.7315068493150685,1,0,1,4,1,1,1,1,1
https://camping.ch/de/campingplatz/ostschweiz/altnau/camping-ruderbaum?l=true,Camping Ruderbaum,8595 Altnau (TG),0,0,0,0,0,0,0,0,50.0,1,1,0,0,0.5835616438356165,0,0,1,4,1,0,1,8,1
https://camping.ch/de/campingplatz/wallis/brigerbad/thermal-camping-brigerbad?l=true,Thermal Camping Brigerbad,3900 Brigerbad (VS),1,1,0,1,1,0,1,0,200.0,1,0,1,1,0.4986301369863014,1,1,1,4,0,1,1,8,1
https://camping.ch/de/campingplatz/waadt-genfersee/chateau-d-oex/le-berceau?l=true,Le Berceau,1837 Chateau-d`Oex (VD),0,0,0,0,1,0,1,0,60.0,0,1,0,0,1.0,1,0,1,3,1,1,1,2,1
https://camping.ch/de/campingplatz/zuerich/hittnau/camping-waldhof?l=true,Camping Waldhof,8335 Hittnau (ZH),0,1,0,0,1,0,0,0,50.0,0,0,0,0,1.0,0,1,1,4,1,1,0,6,1
https://camping.ch/de/campingplatz/tessin/muzzano/tcs-camping-lugano?l=true,TCS Camping Lugano-Muzzano,6933 Muzzano (TI),0,0,1,0,0,0,0,0,127.0,0,0,0,0,1.0,0,0,0,4,1,0,1,9,1
https://camping.ch/de/campingplatz/nordwestschweiz/wil-ag-mettauertal/waldesruh?l=true,Waldesruh,5276 Wil AG / Mettauertal (AG),1,0,0,0,1,0,1,0,30.0,0,1,1,1,0.5835616438356165,1,1,1,4,1,1,1,0,1
https://camping.ch/de/campingplatz/ostschweiz/gonten/jakobsbad?l=true,Jakobsbad,9108 Gonten (AI),0,0,0,0,0,0,0,0,20.0,0,0,0,0,1.0,0,0,1,3,1,1,0,11,1
https://camping.ch/de/campingplatz/zentralschweiz/schuepfheim/bad-schuepfheim?l=true,Campingplatz Bad,6170 Schüpfheim (LU),0,0,0,0,0,0,0,0,10.0,0,1,0,0,1.0,0,0,0,3,1,1,0,0,1
https://camping.ch/de/campingplatz/tessin/melano/paradiso-lago?l=true,Paradiso Lago,6818 Melano (TI),0,0,1,0,0,0,1,0,127.0,0,0,0,0,0.5808219178082191,0,0,1,4,0,0,0,11,1
https://camping.ch/de/campingplatz/berner-oberland/aeschi-rossern/panorama?l=true,Panorama Aeschi,3703 Aeschi Rossern (BE),0,0,0,0,0,0,0,0,80.0,0,1,0,0,0.4575342465753425,0,0,1,3,1,1,0,11,1
https://camping.ch/de/campingplatz/berner-oberland/ringgenberg/au-lac?l=true,Au Lac,3852 Ringgenberg (BE),0,0,0,0,0,0,0,0,70.0,0,1,1,0,0.5643835616438356,0,0,1,3,1,1,1,11,1
https://camping.ch/de/campingplatz/tessin/tenero/miralago?l=true,Camping & Palmbeach-Resort Miralago,6598 Tenero (TI),0,0,0,1,1,0,1,1,110.0,1,1,0,1,1.0,1,1,1,5,1,1,1,11,1
https://camping.ch/de/campingplatz/freiburg-neuenburg-jura/epagny/les-sapins?l=true,Les Sapins,1664 Epagny (FR),0,0,0,0,0,0,0,0,40.0,0,0,0,0,0.4986301369863014,0,0,1,3,0,1,1,9,1
https://camping.ch/de/campingplatz/waadt-genfersee/yverdon-les-bains/camping-yverdon-plage?l=true,Camping Yverdon Plage,1400 Yverdon-les-Bains (VD),0,1,1,1,1,0,1,1,130.0,1,1,1,1,0.5260273972602739,1,1,1,4,1,1,1,7,1
https://camping.ch/de/campingplatz/freiburg-neuenburg-jura/les-breuleux/les-cerneux?l=true,Les Cerneux,2345 Les Breuleux (JU),0,0,1,0,0,0,0,0,60.0,0,1,0,0,1.0,0,0,1,4,0,0,0,4,1
https://camping.ch/de/campingplatz/ostschweiz/steckborn/strandbad_steckborn?l=true,Strandbad Steckborn,8266 Steckborn (TG),0,1,0,0,1,0,0,0,150.0,0,0,0,1,0.5671232876712329,1,1,0,0,0,1,1,8,0
https://camping.ch/de/campingplatz/ostschweiz/stein-a-rhein/grenzstein?l=true,Grenzstein,8260 Stein a. Rhein (SH),0,0,0,0,0,0,0,0,64.0,0,0,0,0,1.0,0,0,0,4,1,1,1,8,1
https://camping.ch/de/campingplatz/zentralschweiz/goldau/bernerhoehe?l=true,Bernerhöhe,6410 Goldau (SZ),0,0,0,0,0,0,0,0,20.0,0,0,0,0,1.0,0,0,0,4,1,1,0,11,1
https://camping.ch/de/campingplatz/freiburg-neuenburg-jura/rebeuvilier/du-raimeux?l=true,Du Raimeux,2832 Rebeuvilier (JU),0,0,0,0,0,0,0,0,31.0,0,1,0,0,1.0,0,0,1,2,1,0,0,4,0
https://camping.ch/de/campingplatz/berner-mitelland/erlach/gemeindecamping-erlach?l=true,Camping Erlach,3235 Erlach (BE),0,1,0,1,1,0,1,0,92.0,1,1,0,1,0.5808219178082191,1,1,1,4,1,1,1,3,1
https://camping.ch/de/campingplatz/tessin/agno/camping-lugano-lake?l=true,Camping Lugano Lake,6982 Agno (TI),1,0,0,0,1,0,1,1,180.0,0,1,0,0,0.5835616438356165,1,1,1,0,0,1,1,9,1
https://camping.ch/de/campingplatz/freiburg-neuenburg-jura/le-landeron/bellerive-le-landeron?l=true,Bellerive,2525 Le Landeron (NE),0,0,0,0,0,0,0,0,50.0,0,0,0,0,0.5835616438356165,0,0,1,0,1,1,0,1,1
https://camping.ch/de/campingplatz/tessin/astano/al-laghetto?l=true,Al Laghetto,6999 Astano (TI),0,0,0,0,0,0,0,0,31.0,0,0,0,0,0.5534246575342465,0,0,1,2,1,0,0,2,1
https://camping.ch/de/campingplatz/waadt-genfersee/yvonand/la-menthue?l=true,La Menthue,1462 Yvonand (VD),1,0,1,0,1,0,0,0,100.0,0,1,0,1,0.5013698630136987,1,1,1,3,0,1,1,6,1
https://camping.ch/de/campingplatz/zuerich/wildberg/wildberg?l=true,Seiler Camping Wildberg AG,8489 Wildberg (ZH),0,0,1,0,1,0,0,0,7.0,0,1,0,1,1.0,0,1,1,3,1,1,1,5,1
https://camping.ch/de/campingplatz/ostschweiz/bernhardzell/st-gallen-wittenbach?l=true,Camping St. Gallen - Wittenbach,9304 Bernhardzell (SG),0,0,1,0,0,0,0,0,70.0,0,0,0,0,0.4657534246575342,0,0,1,4,1,0,1,11,1
https://camping.ch/de/campingplatz/graubuenden/st-moritz/camping-st-moritz?l=true,Camping St. Moritz,7500 St. Moritz (GR),0,0,0,0,0,0,1,0,150.0,0,1,0,1,0.2958904109589041,1,1,1,0,0,1,1,11,1
https://camping.ch/de/campingplatz/tessin/tenero/rivabella?l=true,Rivabella,6598 Tenero (TI),0,0,1,0,0,0,0,0,55.0,0,0,0,0,1.0,0,0,1,4,1,0,0,11,1
https://camping.ch/de/campingplatz/berner-mitelland/schangnau/bumbach-schangnau?l=true,Bumbach-Schangnau,6197 Schangnau (BE),0,0,0,0,0,0,0,0,25.0,0,1,0,0,1.0,0,0,1,2,1,0,1,1,1
https://camping.ch/de/campingplatz/wallis/salgesch/swiss-plage?l=true,Swiss Plage,3970 Salgesch (VS),0,0,0,0,1,0,1,0,80.0,0,1,0,0,0.5863013698630137,1,1,1,4,1,0,1,9,1
https://camping.ch/de/campingplatz/ostschweiz/uttwil/campingplatz-amriswil?l=true,Campingplatz Amriswil,8592 Uttwil (TG),0,1,0,0,1,0,0,0,40.0,1,1,1,0,0.4849315068493151,1,0,1,3,0,0,1,4,1
https://camping.ch/de/campingplatz/nordwestschweiz/moehlin/bachtalen?l=true,Camping Möhlin Bachtalen,4313 Möhlin (AG),0,0,0,0,0,0,0,0,30.0,0,0,0,0,0.6136986301369863,0,0,1,2,0,0,1,6,1
https://camping.ch/de/campingplatz/freiburg-neuenburg-jura/goumois/vieux-pont?l=true,Camping Vieux Pont,2728 Goumois (JU),0,0,0,0,0,0,0,0,35.0,0,0,0,0,0.5013698630136987,0,0,0,1,1,1,1,2,1
https://camping.ch/de/campingplatz/freiburg-neuenburg-jura/st-ursanne/camping-de-tariche?l=true,Camping de Tariche,2882 Saint-Ursanne (JU),0,0,0,0,0,0,0,0,25.0,0,1,0,0,0.5835616438356165,0,0,1,4,1,1,1,1,0
https://camping.ch/de/campingplatz/ostschweiz/goldingen/atzmaennig?l=true,Atzmännig,8638 Goldingen (SG),0,0,0,0,1,0,0,0,15.0,0,1,0,1,1.0,0,0,1,3,1,1,1,11,1
https://camping.ch/de/campingplatz/berner-oberland/innertkirchen/bauernhof-camping-wyler?l=true,Bauernhof - Camping Wyler,3862 Innertkirchen (BE),0,0,0,0,0,0,0,0,30.0,0,1,0,0,0.5013698630136987,0,0,1,2,1,1,0,11,1
https://camping.ch/de/campingplatz/tessin/avegno/piccolo-paradiso?l=true,Camping Piccolo Paradiso,6670 Avegno (TI),0,1,0,1,1,0,0,0,200.0,1,1,0,1,0.5835616438356165,1,1,1,4,1,1,1,11,1
https://camping.ch/de/campingplatz/waadt-genfersee/rolle/aux-vernes?l=true,Aux Vernes,1180 Rolle (VD),0,0,0,0,0,0,0,0,117.0,0,0,0,0,0.5041095890410959,0,0,1,3,0,0,1,1,1
https://camping.ch/de/campingplatz/tessin/tenero/campeggio-lido-mappo?l=true,Campeggio Lido Mappo,6598 Tenero (TI),0,0,0,0,0,0,0,0,127.0,0,0,0,0,0.6219178082191781,0,0,0,5,1,1,1,11,1
https://camping.ch/de/campingplatz/graubuenden/andeer/camping-andeer?l=true,Camping Andeer,7440 Andeer (GR),0,0,0,0,1,0,1,0,30.0,0,1,0,1,0.9917808219178083,1,1,1,3,1,1,1,6,1
https://camping.ch/de/campingplatz/waadt-genfersee/forel/camping-de-forel?l=true,Camping de Forel,1072 Forel (VD),0,0,0,0,0,0,0,0,43.0,0,0,0,0,0.5013698630136987,0,0,0,3,0,0,0,11,0
https://camping.ch/de/campingplatz/ostschweiz/weesen/camping-gaesi?l=true,Camping Gäsi,8872 Weesen (SG),0,1,0,0,1,0,0,0,70.0,1,1,0,1,0.5835616438356165,1,1,1,3,0,1,1,8,1
https://camping.ch/de/campingplatz/wallis/reckingen/augenstern?l=true,Augenstern,3998 Reckingen (VS),0,0,0,0,1,0,0,0,100.0,0,0,0,0,0.589041095890411,1,0,1,3,0,0,1,1,1
https://camping.ch/de/campingplatz/ostschweiz/flumserberg-grossberg/hoefli?l=true,Höfli,8896 Flumserberg-Grossberg (SG),0,0,0,0,0,0,0,0,20.0,0,0,0,0,1.0,0,0,1,3,0,1,1,7,1
https://camping.ch/de/campingplatz/ostschweiz/appenzell-kau/eischen?l=true,Eischen,9050 Appenzell-Kau (AI),0,0,0,0,0,0,0,0,60.0,0,1,0,0,1.0,1,1,1,4,1,1,0,11,1
https://camping.ch/de/campingplatz/berner-mitelland/erlach/monplaisir?l=true,Monplaisir,ch-3235 Erlach (BE),0,0,0,0,0,0,0,0,20.0,0,1,0,0,1.0,0,0,1,4,0,0,1,3,1
https://camping.ch/de/campingplatz/zentralschweiz/seelisberg/naturcamping_seelisberg?l=true,Naturcamping Seelisberg,6377 Seelisberg (UR),0,1,1,0,1,0,0,1,60.0,1,0,0,1,0.3315068493150685,0,1,1,0,0,0,1,11,1
https://camping.ch/de/campingplatz/tessin/tenero/camping-campofelice?l=true,Campofelice Camping Village,6598 Tenero (TI),1,1,1,1,1,0,1,0,583.0,1,0,0,1,0.6794520547945205,1,1,1,5,1,1,1,11,1
https://camping.ch/de/campingplatz/graubuenden/rona/wohnmobilstellplatz-rona?l=true,Stellplatz Rona,7454 Rona (GR),0,1,0,0,0,0,0,0,30.0,0,1,1,1,1.0,1,1,1,0,0,1,1,3,1
https://camping.ch/de/campingplatz/zuerich/maur/maurholz?l=true,Maurholz,8124 Maur (ZH),0,1,1,0,1,0,0,1,25.0,0,1,0,1,0.5397260273972603,1,1,1,4,0,1,1,11,1
https://camping.ch/de/campingplatz/zentralschweiz/mosen/camping-seeblick?l=true,Camping Seeblick,6295 Mosen (LU),0,1,1,0,1,0,1,0,70.0,1,1,1,1,0.6684931506849315,1,1,1,4,1,1,1,5,1
https://camping.ch/de/campingplatz/ostschweiz/Altst%25C3%25A4tten/allmend_rheintal?l=true,Stellplatz Allmend Rheintal,9450 Altstätten (SG),0,0,0,0,0,0,0,0,150.0,0,1,0,0,1.0,0,0,0,0,0,1,0,7,0
https://camping.ch/de/campingplatz/freiburg-neuenburg-jura/la-chaux-de-fonds/bois-du-couvent?l=true,Bois du Couvent,2300 La Chaux-de-Fonds (NE),0,0,1,0,0,0,0,0,40.0,0,1,0,0,0.41643835616438357,0,0,1,3,1,1,1,7,1
https://camping.ch/de/campingplatz/freiburg-neuenburg-jura/sorens/la-foret?l=true,Camping de la Forêt,1642 Sorens (FR),0,0,0,0,1,0,1,0,50.0,0,1,1,0,0.5013698630136987,1,1,1,4,1,1,0,4,1
https://camping.ch/de/campingplatz/graubuenden/vicosoprano/camping-mulina?l=true,Camping Mulina,7603 Vicosoprano (GR),0,0,0,0,0,0,0,0,127.0,1,1,0,1,0.5013698630136987,0,1,1,3,0,1,1,0,1
https://camping.ch/de/campingplatz/wallis/binn/camping-giessen?l=true,Camping Giessen,3996 Binn (VS),0,0,0,0,0,0,0,0,110.0,0,0,0,0,0.4575342465753425,0,0,0,1,0,0,1,2,1
https://camping.ch/de/campingplatz/graubuenden/valendas/camping-carrera?l=true,Camping Carrera,7122 Valendas (GR),0,0,0,0,0,0,0,0,50.0,1,1,0,1,0.5013698630136987,0,0,0,0,0,1,1,11,1
https://camping.ch/de/campingplatz/tessin/claro/al-censo?l=true,Al Censo,6702 Claro (TI),0,0,0,0,0,0,0,0,127.0,0,1,0,0,0.5671232876712329,0,0,1,4,0,1,1,6,1
https://camping.ch/de/campingplatz/waadt-genfersee/chevroux/de-chevroux?l=true,De Chevroux,1545 Chevroux (VD),0,0,0,0,0,0,0,0,30.0,0,1,0,0,0.41643835616438357,0,0,1,1,1,1,1,3,1
https://camping.ch/de/campingplatz/berner-oberland/iseltwald/du-lac?l=true,Camping du Lac - Iseltwald,3807 Iseltwald (BE),0,0,0,0,0,0,0,0,20.0,0,1,0,0,0.5835616438356165,0,0,1,3,1,1,1,11,1
https://camping.ch/de/campingplatz/berner-oberland/krattigen/stuhlegg?l=true,Stuhlegg,3704 Krattigen (BE),0,1,0,0,1,0,0,0,65.0,0,1,0,0,1.0,1,1,1,4,1,1,1,11,1
https://camping.ch/de/campingplatz/graubuenden/samedan/camping-gravatscha?l=true,Camping Gravatscha,7503 Samedan (GR),0,0,0,0,0,0,1,1,44.0,0,1,1,1,1.0,1,0,1,0,0,1,1,10,0
https://camping.ch/de/campingplatz/zentralschweiz/altdorf/byherger?l=true,Camping byherger,6460 Altdorf (UR),0,0,0,0,0,0,0,0,5.0,0,0,0,0,1.0,0,0,0,0,0,0,0,7,0
https://camping.ch/de/campingplatz/wallis/susten/bella-tola?l=true,Camping Bella-Tola GmbH,3952 Susten (VS),0,0,0,0,1,0,0,0,127.0,0,1,0,0,0.4876712328767123,1,1,1,4,0,0,0,4,1
https://camping.ch/de/campingplatz/zentralschweiz/luzern/camping-international-lido-luzern?l=true,Camping International Lido Luzern,6005 Luzern (LU),0,0,1,0,0,0,1,1,135.0,1,1,0,1,1.0,1,0,1,4,1,0,1,11,1
https://camping.ch/de/campingplatz/waadt-genfersee/grandson/le-p-cos?l=true,Le Pécos,1422 Grandson (VD),0,0,0,0,0,0,0,0,90.0,0,1,0,0,0.4986301369863014,0,0,1,3,0,1,0,7,1
https://camping.ch/de/campingplatz/graubuenden/pontresina/camping-morteratsch?l=true,Camping Morteratsch,7504 Pontresina (GR),0,1,1,0,1,0,0,1,250.0,1,1,1,1,1.0,1,1,1,4,1,1,1,11,1
https://camping.ch/de/campingplatz/berner-mitelland/sutz-lattrigen/camping-sutz-am-bielersee?l=true,Hotel Camping Sutz,2572 Sutz-Lattrigen (BE),1,1,1,0,1,0,1,0,35.0,1,1,1,1,0.9945205479452055,1,1,1,4,0,1,1,7,1
https://camping.ch/de/campingplatz/freiburg-neuenburg-jura/r-cl-re/les-grottes?l=true,Les Grottes,2912 Réclère (JU),0,0,0,0,0,0,0,0,127.0,0,0,0,0,0.6356164383561644,0,0,0,3,1,1,1,0,1
https://camping.ch/de/campingplatz/graubuenden/li-curt/boomerang?l=true,Boomerang,7745 Li Curt (GR),0,0,0,0,1,0,1,1,50.0,0,1,1,1,0.5835616438356165,0,1,1,3,1,1,1,0,1
https://camping.ch/de/campingplatz/waadt-genfersee/st-cergue/les-cheseaux?l=true,Les Cheseaux,1264 St-Cergue (VD),0,0,1,0,1,0,1,0,21.0,0,1,0,1,0.9945205479452055,0,0,1,3,1,1,0,0,1
https://camping.ch/de/campingplatz/freiburg-neuenburg-jura/les-brenets/camping-lac-des-brenets?l=true,Camping Lac des Brenets,2416 Les Brenets (NE),1,0,0,0,1,0,1,0,33.0,1,1,1,1,1.0,1,0,1,4,1,1,1,4,1
https://camping.ch/de/campingplatz/freiburg-neuenburg-jura/pr-les/camping-de-pr-les?l=true,Camping de Prêles,2515 Prêles (BE),0,0,0,0,1,0,0,0,70.0,0,0,0,0,0.5397260273972603,1,1,1,4,1,1,1,2,1
https://camping.ch/de/campingplatz/tessin/mezzovico/palazzina?l=true,Palazzina,6805 Mezzovico (TI),0,0,1,0,0,0,0,0,115.0,0,0,0,0,1.0,0,0,0,3,0,0,1,4,1
https://camping.ch/de/campingplatz/berner-oberland/stechelberg/ruetti?l=true,Rütti,3824 Stechelberg (BE),0,0,0,0,0,0,0,0,70.0,0,1,0,0,0.41643835616438357,0,0,0,3,1,1,1,10,1
https://camping.ch/de/campingplatz/berner-oberland/schwenden-im-diemtigtal/camping-eggmatte-diemtigtal?l=true,"Camping Eggmatte, Diemtigtal",3757 Schwenden im Diemtigtal (BE),0,0,0,0,0,0,0,0,16.0,1,1,1,0,1.0,0,0,1,4,1,1,1,2,1
https://camping.ch/de/campingplatz/waadt-genfersee/yvonand/pointe-d-yvonand-vd-8?l=true,Pointe d`Yvonand VD 8,1462 Yvonand (VD),0,0,0,0,0,0,0,0,127.0,0,0,0,0,0.4986301369863014,0,0,0,3,0,1,0,6,1
https://camping.ch/de/campingplatz/berner-oberland/adelboden/albo?l=true,Ferienlager ALBO,3715 Adelboden (BE),1,0,1,0,0,0,0,0,1.0,0,0,0,0,0.33424657534246577,0,0,1,2,0,0,0,8,1
https://camping.ch/de/campingplatz/zentralschweiz/morgarten/camping_naas_sod?l=true,Camping Naas-Sod,6315 Morgarten (ZG),0,1,0,0,0,0,0,0,10.0,0,1,0,1,0.41643835616438357,0,1,0,0,0,1,1,11,0
https://camping.ch/de/campingplatz/wallis/saas-grund/am-kapellenweg?l=true,Am Kapellenweg,3910 Saas Grund (VS),0,0,0,0,0,0,1,1,100.0,0,1,1,0,1.0,0,1,1,3,0,1,1,9,1
https://camping.ch/de/campingplatz/zentralschweiz/ennetmoos/hostetten?l=true,Hostetten,6372 Ennetmoos (NW),0,0,0,0,0,0,0,0,6.0,0,1,0,0,0.5835616438356165,0,0,0,0,0,0,0,11,0
https://camping.ch/de/campingplatz/zentralschweiz/marbach/camping-sternen-ag?l=true,Camping Sternen AG,6196 Marbach (LU),0,0,0,0,1,0,1,0,20.0,1,1,0,1,1.0,1,0,1,3,0,1,1,1,1
https://camping.ch/de/campingplatz/wallis/bourg-saint-pierre/camping-du-grand-saint-bernard?l=true,Camping du Grand-Saint-Bernard,1946 Bourg-Saint-Pierre (VS),0,0,0,0,0,0,0,1,50.0,0,0,0,0,0.4191780821917808,0,0,1,2,0,0,0,0,1
https://camping.ch/de/campingplatz/nordwestschweiz/hochwald/uf-dr-Holle?l=true,Camping uf dr Holle,4146 Hochwald (SO),1,0,0,0,1,0,1,0,10.0,0,0,0,0,1.0,0,0,0,0,1,1,0,11,1
https://camping.ch/de/campingplatz/berner-oberland/gwatt/tcs-camping-thunersee?l=true,TCS Camping Gwatt Thunersee,3645 Gwatt (BE),0,0,0,0,0,0,0,0,127.0,0,0,0,0,0.5643835616438356,0,0,1,4,1,1,1,11,1
https://camping.ch/de/campingplatz/berner-oberland/luetschental/dany-s-camp?l=true,Dany's Camping,3816 Lütschental (BE),0,0,0,0,0,0,0,0,40.0,0,0,0,0,0.4575342465753425,0,0,1,3,1,1,0,11,1
https://camping.ch/de/campingplatz/zentralschweiz/willerzell/grueene-aff?l=true,Grüene Aff,8846 Willerzell (SZ),0,0,0,0,0,0,0,0,20.0,0,0,0,0,1.0,0,0,0,3,1,1,1,11,1
https://camping.ch/de/campingplatz/waadt-genfersee/cudrefin/camping-communal-de-cudrefin?l=true,Camping Communal de Cudrefin,1588 Cudrefin (VD),0,1,0,0,1,0,1,0,150.0,1,1,0,1,0.6301369863013698,0,0,1,4,0,0,1,11,1
https://camping.ch/de/campingplatz/zentralschweiz/lungern/obsee?l=true,Obsee,6078 Lungern (OW),0,0,0,0,0,0,0,0,85.0,0,1,0,0,1.0,0,0,1,3,1,1,0,11,1
https://camping.ch/de/campingplatz/zentralschweiz/oberiberg/oberiberg?l=true,Oberiberg,8843 Oberiberg (SZ),0,0,0,0,0,0,1,0,15.0,0,0,0,0,1.0,0,0,1,4,1,1,0,6,1
https://camping.ch/de/campingplatz/nordwestschweiz/solothurn/tcs-camping-solothurn?l=true,TCS Camping Solothurn,4500 Solothurn (SO),0,0,1,0,0,0,0,0,127.0,0,1,0,0,1.0,1,1,1,4,1,1,1,7,1
https://camping.ch/de/campingplatz/zentralschweiz/altdorf/remo-camp-moosbad?l=true,Remo-Camp Moosbad,6460 Altdorf (UR),0,0,0,0,0,0,0,0,40.0,0,0,0,0,1.0,0,0,1,2,0,1,1,7,1
https://camping.ch/de/campingplatz/berner-oberland/grindelwald/gletscherdorf?l=true,Gletscherdorf,3818 Grindelwald (BE),0,0,0,0,0,0,0,0,80.0,0,0,0,0,0.4712328767123288,0,1,0,3,0,1,1,11,1
https://camping.ch/de/campingplatz/berner-oberland/interlaken-unterseen/camping-alpenblick-gmbh?l=true,Camping Alpenblick,3800 Interlaken-Unterseen (BE),0,1,0,0,1,0,0,0,120.0,1,1,1,0,1.0,1,1,1,4,1,1,1,11,1
https://camping.ch/de/campingplatz/tessin/tenero/camping-tamaro?l=true,Camping Tamaro Resort,6598 Tenero (TI),0,1,1,1,1,0,1,0,287.0,1,0,0,1,0.6109589041095891,1,1,1,5,1,1,1,11,1
https://camping.ch/de/campingplatz/ostschweiz/altenrhein/camping-idyll?l=true,Camping Idyll,9423 Altenrhein (SG),1,1,1,0,1,0,1,0,23.0,1,1,0,1,0.4986301369863014,1,1,1,4,1,1,1,8,1
https://camping.ch/de/campingplatz/waadt-genfersee/ballens/bois-gentil?l=true,Camping du Bois Gentil,1141 Ballens (VD),0,0,0,0,0,0,0,0,15.0,0,0,0,0,0.5397260273972603,0,0,0,2,0,1,1,1,1
https://camping.ch/de/campingplatz/wallis/le-bouveret/rive-bleue?l=true,Rive-Bleue,1897 Le Bouveret (VS),0,0,0,0,1,0,0,0,127.0,0,1,1,1,0.4986301369863014,0,1,1,3,0,1,1,11,1
https://camping.ch/de/campingplatz/graubuenden/disentis/tcs-camping-disentis?l=true,TCS Camping Disentis,7180 Disentis (GR),0,0,0,0,0,0,0,0,127.0,0,0,0,0,0.4273972602739726,0,0,1,4,1,1,1,2,1
https://camping.ch/de/campingplatz/berner-oberland/brienz/seegaertli?l=true,Seegärtli,3855 Brienz (BE),0,0,0,0,0,0,0,0,30.0,0,0,0,0,0.5835616438356165,0,0,1,2,0,1,1,9,1
https://camping.ch/de/campingplatz/berner-oberland/frutigen/frutigresort?l=true,Frutigresort,3714 Frutigen (BE),1,1,1,0,1,0,1,0,75.0,1,1,0,1,1.0,1,1,1,4,1,1,1,5,1
https://camping.ch/de/campingplatz/ostschweiz/frauenfeld/aumuehle?l=true,Aumühle,8500 Frauenfeld (TG),0,0,0,0,0,0,0,0,15.0,0,0,0,0,0.5835616438356165,0,1,1,2,1,0,1,9,1
https://camping.ch/de/campingplatz/zentralschweiz/steinen/camping-buchenhof?l=true,Camping Buchenhof,6422 Steinen (SZ),0,1,0,0,1,0,0,0,30.0,0,1,0,0,0.5835616438356165,1,0,1,4,1,1,1,11,1
https://camping.ch/de/campingplatz/zentralschweiz/unteriberg/camping-forellenhof?l=true,Camping Forellenhof,8842 Unteriberg (SZ),0,0,1,0,0,0,1,1,10.0,1,1,1,1,1.0,0,0,1,3,0,1,1,8,1
https://camping.ch/de/campingplatz/wallis/raron/simplonblick?l=true,Camping Simplonblick,3942 Raron (VS),0,0,0,0,1,0,1,0,80.0,1,1,0,1,0.9945205479452055,1,1,1,0,1,0,1,7,1
https://camping.ch/de/campingplatz/wallis/sembrancher/la-prairie?l=true,La Prairie,1933 Sembrancher (VS),0,0,0,0,0,0,0,0,48.0,0,0,0,0,1.0,0,0,1,1,0,0,0,5,1
https://camping.ch/de/campingplatz/ostschweiz/schoenengrund/camping-schoenengrund?l=true,Camping Schönengrund,9105 Schönengrund (AR),0,0,0,0,0,0,0,0,15.0,0,1,0,0,1.0,0,0,1,0,0,0,0,3,1
https://camping.ch/de/campingplatz/freiburg-neuenburg-jura/colombier/paradis-plage?l=true,Paradis-Plage,2013 Colombier (NE),0,1,1,0,1,0,1,0,127.0,1,1,1,0,0.6684931506849315,1,1,1,4,1,1,1,4,1
https://camping.ch/de/campingplatz/berner-mitelland/meinisberg/seeland?l=true,Seeland Camp,2554 Meinisberg (BE),0,0,0,0,0,0,0,0,25.0,0,1,0,0,0.5808219178082191,0,0,1,3,1,0,0,5,1
https://camping.ch/de/campingplatz/tessin/losone/camping-melezza?l=true,Camping Melezza,6616 Losone (TI),0,1,1,1,1,0,1,1,149.0,1,1,1,1,0.6027397260273972,1,1,1,4,1,1,1,11,1
https://camping.ch/de/campingplatz/zentralschweiz/alpnachstad/bachmattli?l=true,Bachmattli,6053 Alpnachstad (OW),0,0,0,0,0,0,0,0,20.0,0,0,1,1,0.5397260273972603,1,1,1,3,0,1,1,11,1
https://camping.ch/de/campingplatz/zentralschweiz/morgarten/camping_chaellermatt?l=true,Campingplatz Chällermatt,6315 Morgarten (ZG),0,1,0,0,0,0,0,0,5.0,0,1,1,1,0.5808219178082191,0,0,0,0,0,1,1,11,0
https://camping.ch/de/campingplatz/wallis/champery/camping-du-grand-paradis?l=true,Camping du Grand Paradis,1874 Champery (VS),0,0,0,0,0,0,0,0,50.0,0,1,0,1,1.0,0,0,1,3,0,1,1,1,1
https://camping.ch/de/campingplatz/wallis/saas-grund/bergheimat?l=true,Bergheimat,3910 Saas Grund (VS),0,0,0,0,0,0,0,0,40.0,0,0,0,0,1.0,0,0,1,2,0,0,0,9,1
https://camping.ch/de/campingplatz/berner-oberland/grindelwald/camping-eigernordwand?l=true,Camping Eigernordwand,3818 Grindelwald (BE),0,0,0,0,1,0,0,1,60.0,1,0,0,1,0.9616438356164384,1,1,1,4,0,1,1,11,1
https://camping.ch/de/campingplatz/berner-mitelland/brenzikofen/wydeli?l=true,Wydeli,3671 Brenzikofen (BE),0,0,0,0,0,0,0,0,15.0,0,1,0,0,0.3835616438356164,0,0,1,3,1,0,1,8,1
https://camping.ch/de/campingplatz/wallis/evol-ne/evol-ne?l=true,Evolène,1983 Evolène (VS),0,1,1,0,0,0,0,0,65.0,0,0,0,0,0.4191780821917808,0,0,1,3,0,1,0,1,1
https://camping.ch/de/campingplatz/berner-oberland/meiringen/balmweid?l=true,Camping Balmweid,ch-3860 Meiringen (BE),0,0,1,0,1,0,1,1,100.0,1,1,1,1,0.5835616438356165,1,1,1,3,1,1,1,11,1
https://camping.ch/de/campingplatz/berner-oberland/zweisimmen/camping-vermeille?l=true,Camping Vermeille,3770 Zweisimmen (BE),0,1,0,0,0,0,1,1,25.0,1,1,1,1,1.0,0,1,1,4,1,1,1,3,1
https://camping.ch/de/campingplatz/graubuenden/arosa/camping-arosa?l=true,Camping Arosa,7050 Arosa (GR),0,0,1,0,0,0,0,0,20.0,0,1,1,1,0.8438356164383561,0,0,1,2,1,1,1,9,1
https://camping.ch/de/campingplatz/waadt-genfersee/v-senaz/tcs-camping-gen-ve-v-senaz?l=true,TCS Camping Genève - Vésenaz,1222 Vésenaz (GE),0,0,1,0,0,0,0,0,127.0,0,0,0,0,0.5643835616438356,0,0,1,5,1,0,1,7,1
https://camping.ch/de/campingplatz/zentralschweiz/morschach/ferienhof-rueti?l=true,Ferienhof Rüti,6443 Morschach (SZ),0,0,1,0,1,0,1,0,20.0,0,0,1,0,0.9945205479452055,0,1,1,3,0,1,0,11,1
https://camping.ch/de/campingplatz/freiburg-neuenburg-jura/muntelier/camping-muntelier?l=true,Camping Muntelier,3286 Muntelier (FR),0,0,0,0,0,0,0,0,9.0,0,1,0,0,0.5835616438356165,0,0,1,3,0,1,0,9,1
https://camping.ch/de/campingplatz/freiburg-neuenburg-jura/le-landeron/camp-des-peches?l=true,Camping des Pêches Le Landeron,2525 Le Landeron (NE),1,1,1,0,1,0,1,1,150.0,0,1,1,0,0.5424657534246575,1,1,1,4,0,1,1,2,1
https://camping.ch/de/campingplatz/freiburg-neuenburg-jura/schwarzsee/seeweid?l=true,Seeweid,1716 Schwarzsee (FR),0,0,0,0,0,0,0,0,50.0,0,0,0,0,1.0,0,0,1,4,1,1,1,4,1
https://camping.ch/de/campingplatz/waadt-genfersee/roche-vd/clos-de-la-george?l=true,Clos de la George,1852 Roche VD (VD),0,0,1,0,0,0,0,0,70.0,0,0,0,0,1.0,0,0,1,4,0,1,1,10,1
https://camping.ch/de/campingplatz/berner-oberland/ringgenberg-bei-interlaken/camping-talacker?l=true,Camping Talacker,3852 Ringgenberg bei Interlaken (BE),0,0,0,0,1,0,1,0,45.0,0,1,0,1,0.4904109589041096,1,1,1,3,1,1,1,11,1
https://camping.ch/de/campingplatz/nordwestschweiz/frick/frick?l=true,Frick,5070 Frick (AG),0,0,0,0,0,0,0,0,30.0,0,0,0,0,0.5835616438356165,0,0,1,4,0,0,0,2,1
https://camping.ch/de/campingplatz/berner-oberland/brienz/aaregg?l=true,Aaregg,3855 Brienz (BE),0,0,0,0,1,0,0,0,127.0,0,0,0,0,0.5835616438356165,1,1,1,5,1,1,0,9,1
https://camping.ch/de/campingplatz/wallis/st-maurice/camping-du-bois-noir?l=true,Camping du Bois-Noir,1890 St-Maurice (VS),0,1,0,0,1,0,1,0,43.0,0,0,0,0,0.5835616438356165,1,1,1,2,0,0,0,6,1
https://camping.ch/de/campingplatz/berner-mitelland/thoerishaus/camping-thoerishaus?l=true,Camping Thörishaus,3174 Thörishaus (BE),0,0,0,0,0,0,0,1,60.0,0,1,0,1,0.5835616438356165,1,0,1,3,0,1,0,2,1
https://camping.ch/de/campingplatz/freiburg-neuenburg-jura/tavannes/camping-de-belfond?l=true,Camping de Belfond ,2710 Tavannes (BE),0,0,0,0,0,0,0,0,20.0,0,0,0,0,0.3315068493150685,0,0,0,0,1,0,0,1,0
https://camping.ch/de/campingplatz/ostschweiz/triesen-liechtenstein/mittagsspitze?l=true,Camping Mittagsspitze,FL-9495 Triesen (Liechtenstein) (FL),0,1,0,0,1,0,0,1,70.0,0,1,0,1,1.0,0,1,1,4,0,0,1,11,1
https://camping.ch/de/campingplatz/graubuenden/sarn-heinzenberg/stellplatz_plus?l=true,Stellplatz +plus+ Heinzenberg-Lescha,7423 Sarn-Heinzenberg (GR),0,0,0,0,0,0,0,1,15.0,0,1,0,1,0.4657534246575342,1,0,0,3,0,1,0,2,1
https://camping.ch/de/campingplatz/zentralschweiz/unteraegeri/unteraegeri?l=true,Unterägeri,6314 Unterägeri (ZG),0,1,0,0,1,0,1,0,150.0,1,0,0,1,1.0,1,0,1,4,0,0,1,11,1
https://camping.ch/de/campingplatz/ostschweiz/kloental/im-vorauen?l=true,Im Vorauen,8750 Klöntal (GL),0,0,0,0,0,0,0,0,100.0,0,0,0,0,0.41643835616438357,0,0,0,2,0,0,1,0,1
https://camping.ch/de/campingplatz/berner-oberland/kiental/blueemlisalp?l=true,Blüemlisalp,3723 Kiental (BE),0,0,0,0,0,0,0,0,15.0,0,0,0,0,1.0,0,0,1,3,0,1,1,6,1
https://camping.ch/de/campingplatz/graubuenden/maloja/camping-maloja-plan-curtinac?l=true,Camping Maloja - Plan Curtinac,7516 Maloja (GR),0,1,0,0,0,0,1,0,110.0,0,1,0,1,0.3315068493150685,1,1,1,2,0,0,1,5,1
https://camping.ch/de/campingplatz/wallis/champex/les-rocailles?l=true,Les Rocailles,1938 Champex (VS),0,0,0,0,0,0,0,0,50.0,0,0,0,0,1.0,0,0,1,2,0,0,1,3,1
https://camping.ch/de/campingplatz/ostschweiz/eschenz/huettenberg?l=true,Hüttenberg,8264 Eschenz (TG),0,1,1,0,1,0,0,0,60.0,1,1,1,1,0.5452054794520548,1,1,1,5,1,0,1,8,1
https://camping.ch/de/campingplatz/zentralschweiz/nottwil/st-margrethen?l=true,St. Margrethen,6207 Nottwil (LU),0,0,1,0,0,0,0,0,20.0,0,0,0,0,0.5863013698630137,0,0,1,3,0,1,1,6,1
https://camping.ch/de/campingplatz/berner-oberland/gstaad/bellerive?l=true,Bellerive,3780 Gstaad (BE),0,0,0,0,0,0,0,0,40.0,0,0,0,0,1.0,0,0,1,3,1,1,1,5,1
https://camping.ch/de/campingplatz/waadt-genfersee/morges/tcs-camping-morges?l=true,TCS Camping Morges,1110 Morges (VD),0,0,1,0,0,0,0,0,127.0,0,0,1,1,0.5452054794520548,0,0,0,3,1,1,1,1,1
https://camping.ch/de/campingplatz/berner-oberland/lauterbrunnen/schuetzenbach?l=true,Schützenbach,3822 Lauterbrunnen (BE),0,0,0,0,0,0,0,0,127.0,0,0,0,0,1.0,0,0,0,3,0,1,1,11,1
https://camping.ch/de/campingplatz/wallis/susten-leuk/torrent?l=true,Torrent,3952 Susten-Leuk (VS),0,0,0,0,1,0,0,0,127.0,0,0,0,0,0.5534246575342465,1,0,1,3,0,1,0,3,1
https://camping.ch/de/campingplatz/wallis/raron/camping-santa-monica?l=true,Camping Santa Monica,3942 Raron (VS),0,0,1,1,1,0,1,1,160.0,1,1,1,1,0.5452054794520548,1,1,1,4,1,1,1,7,1
https://camping.ch/de/campingplatz/zentralschweiz/goldau/buosingen?l=true,Buosingen,6410 Goldau (SZ),0,0,0,0,0,0,0,0,30.0,0,0,0,0,1.0,0,0,1,2,0,0,0,11,1
https://camping.ch/de/campingplatz/waadt-genfersee/vallorbe/camping-vallorbe-pr-sous-ville-?l=true,Camping Vallorbe - pré sous-ville,1337 Vallorbe (VD),0,0,0,0,1,0,0,0,70.0,0,0,0,0,0.5013698630136987,1,0,1,3,1,1,1,4,1
https://camping.ch/de/campingplatz/ostschweiz/kriessern/sonnensee?l=true,Sonnensee,9451 Kriessern (SG),0,0,0,0,0,0,0,0,47.0,0,0,0,0,0.41643835616438357,0,0,1,3,0,1,1,5,1
https://camping.ch/de/campingplatz/berner-mitelland/sutz-lattrigen/lindenhof?l=true,Lindenhof,ch-2572 Sutz-Lattrigen (BE),0,0,0,0,0,0,0,0,50.0,0,0,0,0,0.5835616438356165,0,0,1,3,0,0,1,7,0
https://camping.ch/de/campingplatz/tessin/chiggiogna/gottardo?l=true,Gottardo,6764 Chiggiogna (TI),0,0,0,0,0,0,0,0,62.0,0,0,0,0,1.0,0,0,1,3,0,0,1,1,0
https://camping.ch/de/campingplatz/berner-oberland/meiringen/alpencamping?l=true,Alpencamping,3860 Meiringen (BE),0,0,0,0,1,0,1,0,34.0,1,1,1,1,1.0,1,1,1,4,1,1,1,11,1
https://camping.ch/de/campingplatz/zentralschweiz/brunnen/urmiberg?l=true,Urmiberg,6440 Brunnen (SZ),0,0,0,0,0,0,0,0,80.0,0,1,0,0,0.5835616438356165,0,0,1,3,1,1,0,11,1
https://camping.ch/de/campingplatz/zuerich/saland/saland?l=true,Saland,8493 Saland (ZH),0,0,0,0,0,0,0,0,40.0,0,1,0,0,1.0,0,0,0,3,0,1,1,6,1
https://camping.ch/de/campingplatz/berner-oberland/innertkirchen/grimselblick?l=true,Grimselblick,3862 Innertkirchen (BE),0,0,0,0,0,0,0,0,27.0,0,0,0,0,0.6657534246575343,0,0,1,3,1,1,1,11,1
https://camping.ch/de/campingplatz/graubuenden/trin-mulin/camping-trin?l=true,Camping Trin,7016 Trin Mulin (GR),0,0,0,0,0,0,0,0,120.0,0,1,0,0,1.0,0,0,1,0,1,1,1,11,1
https://camping.ch/de/campingplatz/wallis/saas-grund/schoenblick?l=true,Schönblick,3910 Saas Grund (VS),0,0,0,0,0,0,0,0,40.0,0,0,0,0,1.0,0,0,1,2,0,0,0,9,1
https://camping.ch/de/campingplatz/zentralschweiz/engelberg/campingplatz-eienwaeldli?l=true,Campingplatz Eienwäldli,6390 Engelberg (OW),0,1,1,1,1,0,1,1,130.0,1,1,1,1,1.0,1,1,1,5,1,1,0,11,1
https://camping.ch/de/campingplatz/zuerich/hausen-am-albis/tuerlersee?l=true,Türlersee,8915 Hausen am Albis (ZH),0,0,0,0,0,0,0,0,50.0,0,1,0,0,0.5397260273972603,1,0,1,0,0,1,0,10,1
https://camping.ch/de/campingplatz/zentralschweiz/sursee/sursee-waldheim?l=true,Sursee Waldheim,6210 Sursee (LU),0,0,1,0,1,0,1,1,30.0,0,1,1,1,0.5671232876712329,1,1,1,3,1,0,0,6,1
https://camping.ch/de/campingplatz/wallis/granges/robinson?l=true,Camping Robinson,3977 Granges (VS),0,0,0,0,0,0,0,0,0.0,0,1,0,0,1.0,0,0,1,3,0,0,1,10,1
https://camping.ch/de/campingplatz/wallis/saas-grund/mischabel?l=true,Mischabel,3910 Saas Grund (VS),0,0,0,0,0,0,0,0,100.0,0,0,0,0,0.3726027397260274,0,0,1,3,0,0,0,9,1
https://camping.ch/de/campingplatz/wallis/arolla/arolla?l=true,Camping Arolla,1986 Arolla (VS),0,0,0,0,0,0,1,0,90.0,0,1,0,1,0.410958904109589,0,1,1,0,0,1,1,1,1
https://camping.ch/de/campingplatz/tessin/bellinzona/camping-bellinzona?l=true,Camping Bellinzona,6500 Bellinzona (TI),0,1,0,1,1,0,1,0,70.0,0,1,0,1,0.5780821917808219,1,1,1,3,1,0,1,6,1
https://camping.ch/de/campingplatz/waadt-genfersee/hermance/hermance?l=true,Hermance,1248 Hermance (GE),0,0,0,0,0,0,0,0,10.0,0,1,0,0,0.4986301369863014,0,0,0,3,0,0,0,2,1
https://camping.ch/de/campingplatz/zentralschweiz/merlischachen-luzern/seecamping-vierwaldstaettersee-luzern?l=true,Seecamping Vierwaldstättersee Luzern,6402 Merlischachen-Luzern (SZ),0,1,0,0,0,0,0,0,15.0,0,0,0,0,0.4986301369863014,0,0,0,0,0,1,1,11,1
https://camping.ch/de/campingplatz/zentralschweiz/vitznau/camping-vitznau?l=true,Camping Vitznau,6354 Vitznau (LU),0,0,1,0,0,0,1,0,60.0,1,1,1,0,0.4986301369863014,0,1,1,4,1,1,1,11,1
https://camping.ch/de/campingplatz/berner-oberland/innertkirchen/aareschlucht?l=true,Aareschlucht,3862 Innertkirchen (BE),0,0,1,0,1,0,0,0,45.0,0,0,1,0,0.5013698630136987,0,1,1,3,1,1,0,11,1
https://camping.ch/de/campingplatz/freiburg-neuenburg-jura/fleurier/camping-du-val-de-travers?l=true,Camping du Val-de-Travers,2114 Fleurier (NE),0,0,0,0,1,0,0,0,40.0,0,1,0,1,0.5123287671232877,1,1,1,2,0,1,1,5,1
https://camping.ch/de/campingplatz/waadt-genfersee/salavaux/tcs-camping-salavaux-plage?l=true,TCS Camping Salavaux Plage,1585 Salavaux (VD),0,0,1,0,0,0,0,0,115.0,0,1,0,0,0.5643835616438356,0,0,1,4,1,1,1,8,1
https://camping.ch/de/campingplatz/nordwestschweiz/kuenten/sulz?l=true,Sulz,5444 Künten (AG),0,0,1,0,0,0,0,0,50.0,0,1,0,0,0.6301369863013698,0,0,1,3,0,0,1,7,1
https://camping.ch/de/campingplatz/zentralschweiz/grossdietwil/zegro-camping?l=true,ZEGRO Camping,6146 Grossdietwil (LU),0,0,0,0,0,0,0,0,25.0,0,1,0,0,0.5835616438356165,1,0,0,1,1,0,0,3,1
https://camping.ch/de/campingplatz/zentralschweiz/flueelen/camping-windsurfing-urnersee?l=true,Camping Windsurfing Urnersee,6454 Flüelen (UR),0,1,0,0,0,0,1,0,15.0,0,1,0,0,0.5013698630136987,1,1,0,3,0,1,1,11,1
https://camping.ch/de/campingplatz/graubuenden/thusis/camping-viamala?l=true,TCS Camping Thusis Viamala,7430 Thusis (GR),0,0,1,0,1,0,1,0,66.0,1,1,1,1,0.6,1,0,1,3,1,1,1,8,1
https://camping.ch/de/campingplatz/graubuenden/samnaun/camping-samnaun?l=true,Camping-Resort Samnaun,7563 Samnaun (GR),1,0,1,0,1,0,1,0,55.0,0,1,0,1,0.9863013698630136,0,1,0,0,0,1,1,5,1
https://camping.ch/de/campingplatz/graubuenden/bivio/tua-bivio?l=true,Stellplatz Tua,7457 Bivio (GR),0,0,1,0,0,0,0,0,6.0,0,1,0,0,1.0,0,0,0,0,0,1,0,1,1
https://camping.ch/de/campingplatz/tessin/gudo/isola?l=true,Isola,6515 Gudo (TI),0,0,1,0,0,0,0,0,127.0,0,1,0,0,0.9178082191780822,0,0,0,4,1,1,1,11,1
https://camping.ch/de/campingplatz/graubuenden/landquart/waldcamping-landquart?l=true,Waldcamping Landquart,7302 Landquart (GR),1,1,1,0,1,0,1,1,30.0,1,1,1,1,0.9095890410958904,1,1,1,3,1,1,1,8,1
https://camping.ch/de/campingplatz/berner-oberland/frutigen/camping-grassi?l=true,Camping Grassi,3714 Frutigen (BE),0,0,1,0,1,0,1,0,65.0,0,1,0,0,1.0,0,0,1,4,1,1,1,6,1
https://camping.ch/de/campingplatz/graubuenden/filisur/islas?l=true,Islas,7477 Filisur (GR),0,0,0,0,0,0,0,0,50.0,0,0,0,0,0.5835616438356165,0,0,1,3,1,1,0,3,1
https://camping.ch/de/campingplatz/berner-oberland/weissenburg/duer-s-baechli?l=true,dür's Bächli,3764 Weissenburg (BE),0,0,1,0,1,0,0,1,10.0,0,1,1,1,1.0,0,0,1,4,0,1,1,2,1
https://camping.ch/de/campingplatz/freiburg-neuenburg-jura/montmelon-dessous/kohler?l=true,Camping Kohler,2883 Montmelon-Dessous (JU),0,0,0,0,0,0,0,0,60.0,0,0,0,0,0.3780821917808219,0,0,1,2,0,0,1,1,1
https://camping.ch/de/campingplatz/wallis/ulrichen/nufenenpark?l=true,Nufenenpark,3988 Ulrichen (VS),0,0,0,0,0,0,0,0,50.0,0,0,0,0,0.3315068493150685,0,0,1,2,0,0,1,3,1
https://camping.ch/de/campingplatz/ostschweiz/mammern/guldifuss?l=true,Guldifuss,8265 Mammern (TG),0,0,0,0,0,0,0,0,60.0,0,0,0,0,0.5835616438356165,0,0,1,2,1,1,0,10,1
https://camping.ch/de/campingplatz/wallis/les-evouettes/des-ravers?l=true,Camping Des Ravers,1897 Les Evouettes (VS),0,0,0,0,0,0,0,0,25.0,0,0,0,0,0.5835616438356165,0,0,0,0,0,0,0,7,1
https://camping.ch/de/campingplatz/berner-oberland/saanen/beim-kappeli?l=true,"Camping Saanen, Beim Kappeli",3792 Saanen (BE),0,0,0,0,0,0,0,0,27.0,0,0,0,0,1.0,0,0,1,4,1,1,1,5,1
https://camping.ch/de/campingplatz/ostschweiz/diepoldsau/strandbad-diepoldsau?l=true,Strandbad Diepoldsau,9444 Diepoldsau (SG),0,1,0,0,0,0,0,0,20.0,0,0,0,0,0.4986301369863014,1,0,1,2,0,1,1,5,0
https://camping.ch/de/campingplatz/graubuenden/zernez/cul?l=true,Cul,7530 Zernez (GR),0,0,0,0,0,0,1,0,127.0,0,0,1,0,0.4575342465753425,0,1,1,3,1,1,1,5,1
https://camping.ch/de/campingplatz/zentralschweiz/brunnen/hopfreben?l=true,Hopfreben,6440 Brunnen (SZ),0,0,1,0,0,0,0,0,127.0,0,0,0,0,0.4410958904109589,0,0,0,3,0,0,1,11,1
https://camping.ch/de/campingplatz/waadt-genfersee/les-diablerets/vers-l-eglise-la-mur-e?l=true,Vers-l'Eglise La Murée,1865 Les Diablerets (VD),0,0,0,0,0,0,0,0,50.0,0,0,0,0,1.0,0,0,1,3,0,1,1,2,1
https://camping.ch/de/campingplatz/ostschweiz/winden/camping-manser?l=true,Camping Manser,9315 Winden (TG),0,0,1,0,1,0,0,0,20.0,0,1,1,1,0.5835616438356165,0,1,0,3,1,0,0,11,1
https://camping.ch/de/campingplatz/zentralschweiz/buochs/tcs-camping-buochs-vierwaldstaettersee?l=true,TCS Camping Buochs Vierwaldstättersee,6374 Buochs (NW),0,0,0,0,0,0,0,0,97.0,0,1,0,0,0.5643835616438356,0,0,1,3,1,1,1,11,1
https://camping.ch/de/campingplatz/ostschweiz/langwiesen-sh/camping-schaffhausen-freizeitanlage-rheinwiese?l=true,Camping Schaffhausen - Freizeitanlage Rheinwiese,8246 Langwiesen SH (ZH),0,1,0,0,0,0,0,0,70.0,0,0,0,0,0.5671232876712329,0,0,1,3,1,0,1,11,1
https://camping.ch/de/campingplatz/waadt-genfersee/ormont_dessous/cuizon?l=true,Le Cuizon,1862 Ormont_Dessous (VD),0,0,0,0,0,0,0,0,40.0,0,0,0,0,0.3726027397260274,0,0,0,0,0,1,1,3,1
https://camping.ch/de/campingplatz/zentralschweiz/horw/tcs-camping-luzern-horw?l=true,TCS Camping Luzern - Horw,6048 Horw (LU),0,0,0,0,0,0,0,0,100.0,0,0,0,0,0.5452054794520548,0,0,1,4,1,1,1,11,1
https://camping.ch/de/campingplatz/graubuenden/savognin/julia?l=true,Julia,7460 Savognin (GR),0,0,1,0,0,0,0,0,18.0,0,1,0,0,1.0,0,0,1,3,1,1,1,4,1
https://camping.ch/de/campingplatz/wallis/bramois/valcentre?l=true,Valcentre,1967 Bramois (VS),0,0,0,0,1,0,0,0,60.0,0,0,0,0,0.5835616438356165,1,1,1,3,0,0,1,10,1
https://camping.ch/de/campingplatz/waadt-genfersee/dardagny/val-de-l-allondon?l=true,Val de l'Allondon,1282 Dardagny (GE),0,0,0,0,0,0,0,0,60.0,0,1,0,0,0.5616438356164384,0,0,1,2,0,0,1,0,1
https://camping.ch/de/campingplatz/berner-oberland/gsteig-b-gstaad/bergcamping-gsteig?l=true,Bergcamping Gsteig,3785 Gsteig b. Gstaad (BE),0,0,1,0,1,0,1,0,16.0,1,1,1,1,1.0,1,1,1,3,1,1,1,2,1
https://camping.ch/de/campingplatz/berner-mitelland/wabern/eichholz?l=true,Eichholz,3084 Wabern (BE),0,0,0,0,0,0,0,0,127.0,0,1,0,0,0.4465753424657534,0,0,1,3,0,0,1,11,1
https://camping.ch/de/campingplatz/graubuenden/silvaplana/silvaplana?l=true,Silvaplana,7513 Silvaplana (GR),0,0,0,0,0,0,0,0,127.0,0,0,1,1,0.4191780821917808,0,0,1,3,0,1,1,11,1
https://camping.ch/de/campingplatz/zentralschweiz/sarnen/seefeld-sarnen?l=true,Seefeld Sarnen,6060 Sarnen (OW),0,1,1,0,1,0,1,0,132.0,1,1,0,1,1.0,1,1,1,5,1,1,1,5,1
https://camping.ch/de/campingplatz/graubuenden/madulain/camping-madulain?l=true,Camping Madulain,7523 Madulain (GR),0,0,0,0,0,0,1,0,30.0,0,1,0,1,0.6904109589041096,0,1,1,4,1,1,0,3,1
https://camping.ch/de/campingplatz/waadt-genfersee/le-sentier/camping-lac-de-joux?l=true,Camping Lac de Joux,1347 Le Sentier (VD),0,0,0,0,0,0,1,0,18.0,0,1,1,1,1.0,0,0,1,3,1,1,1,1,1
https://camping.ch/de/campingplatz/ostschweiz/mammern/seewiese?l=true,Campingplatz Seewiese,8265 Mammern (TG),0,1,0,0,1,0,0,0,95.0,1,1,0,1,0.5589041095890411,0,1,0,0,0,0,1,10,1
https://camping.ch/de/campingplatz/graubuenden/sumvitg/garvera?l=true,Garvera,7175 Sumvitg (GR),0,0,0,0,0,0,0,0,20.0,0,1,0,0,0.4575342465753425,0,0,1,2,0,1,1,2,1
https://camping.ch/de/campingplatz/nordwestschweiz/aarburg/wiggerspitz?l=true,Wiggerspitz,4663 Aarburg (AG),0,0,0,0,0,0,0,1,50.0,1,1,0,0,0.5068493150684932,1,0,1,0,1,1,1,8,1
https://camping.ch/de/campingplatz/berner-mitelland/burgdorf/camping-waldegg?l=true,Camping Waldegg,3400 Burgdorf (BE),0,1,0,0,1,0,1,0,0.0,0,1,0,1,0.5561643835616439,0,1,1,3,1,1,1,5,1
https://camping.ch/de/campingplatz/berner-mitelland/gampelen/tcs-camping-gampelen-neuenburgersee?l=true,TCS Camping Gampelen Neuenburgersee,3236 Gampelen (BE),0,0,0,0,0,0,0,0,127.0,0,1,0,0,0.5643835616438356,0,0,1,4,1,0,1,8,1
https://camping.ch/de/campingplatz/nordwestschweiz/grenchen/strausak?l=true,Strausak,2540 Grenchen (SO),0,0,0,0,0,0,0,0,20.0,0,0,0,0,0.5068493150684932,0,0,0,1,1,0,0,2,1
https://camping.ch/de/campingplatz/wallis/sion/tcs-camping-sion?l=true,TCS Camping Sion,1950 Sion (VS),0,0,0,0,0,0,0,0,127.0,0,0,0,0,0.8712328767123287,0,0,1,4,1,1,1,5,1
https://camping.ch/de/campingplatz/freiburg-neuenburg-jura/mont-cu/le-mont?l=true,Le Mont,1729 Montécu (FR),0,0,0,0,0,0,0,0,30.0,0,0,0,0,1.0,0,0,1,2,0,1,1,10,1
https://camping.ch/de/campingplatz/grenznah/Meckenbeuren/Ravensburger-Spieleland?l=true,Ravensburger Spieleland Wohnmobil-Stellplatz,88074 Meckenbeuren (Baden-Württemberg),1,0,0,1,1,0,0,0,40.0,1,0,0,0,0.3972602739726027,1,1,0,0,0,0,0,1,1
https://camping.ch/de/campingplatz/waadt-genfersee/romainm-tier/le-nozon?l=true,Le Nozon,1349 Romainmôtier (VD),0,0,0,0,0,0,0,0,25.0,0,0,0,0,0.5013698630136987,0,0,0,2,0,1,1,4,1
https://camping.ch/de/campingplatz/wallis/taesch/alphubel?l=true,Alphubel,3929 Täsch (VS),0,0,0,0,0,0,0,0,100.0,0,0,0,0,0.4191780821917808,0,0,1,2,0,0,0,11,1
https://camping.ch/de/campingplatz/tessin/vira-gambarogno/camping-bellavista?l=true,Camping Bellavista,6574 Vira Gambarogno (TI),0,1,1,0,0,0,1,0,26.0,0,1,0,0,0.5041095890410959,0,0,1,2,0,0,1,11,1
https://camping.ch/de/campingplatz/freiburg-neuenburg-jura/la-cibourg/la-cibourg?l=true,Camping de la Cibourg,2616 La Cibourg (BE),1,1,0,0,1,0,1,0,60.0,1,1,1,1,1.0,1,1,1,4,0,1,1,5,1
https://camping.ch/de/campingplatz/zuerich/guetighausen/guetighausen?l=true,Gütighausen,8478 Gütighausen (ZH),0,1,0,0,0,0,0,0,80.0,1,1,0,1,0.4986301369863014,0,0,0,2,1,1,1,10,1
https://camping.ch/de/campingplatz/berner-oberland/interlaken-thunersee/manor-farm?l=true,Manor Farm,3800 Interlaken-Thunersee (BE),0,0,1,0,0,0,0,0,127.0,0,0,0,0,1.0,0,0,1,5,1,0,1,11,1
https://camping.ch/de/campingplatz/ostschweiz/kreuzlingen/fischerhaus?l=true,Camping Fischerhaus,8280 Kreuzlingen (TG),1,0,1,0,1,0,1,1,16.0,1,0,1,1,0.5589041095890411,1,1,1,5,1,1,1,9,1
https://camping.ch/de/campingplatz/freiburg-neuenburg-jura/la-neuveville/camping-de-la-plage-la-neuveville?l=true,Camping de la Plage,2520 La Neuveville (BE),0,0,1,0,0,0,0,0,30.0,0,0,0,0,0.4986301369863014,0,0,1,2,1,0,0,1,1
https://camping.ch/de/campingplatz/berner-oberland/lenk-im-simmental/camping-hasenweide?l=true,Camping Hasenweide,3775 Lenk im Simmental (BE),0,0,0,0,1,0,1,0,30.0,0,1,0,1,1.0,1,1,1,3,1,1,1,6,1
https://camping.ch/de/campingplatz/graubuenden/scuol/tcs-camping-scuol?l=true,TCS Camping Scuol,7550 Scuol (GR),0,0,0,0,0,0,0,0,115.0,0,0,0,0,0.7424657534246575,0,0,1,4,1,1,1,4,1
https://camping.ch/de/campingplatz/berner-oberland/stechelberg/breithorn?l=true,Breithorn,3824 Stechelberg (BE),0,0,0,0,0,0,0,0,40.0,0,0,0,0,0.8328767123287671,0,0,0,3,1,1,1,11,1
https://camping.ch/de/campingplatz/graubuenden/zillis/camping-rania?l=true,Camping Rania,7432 Zillis (GR),0,1,0,0,0,0,1,1,35.0,0,1,1,1,1.0,1,0,1,3,0,1,1,6,1
https://camping.ch/de/campingplatz/wallis/susten/camping-monument?l=true,Camping Monument,3952 Susten (VS),0,1,1,0,1,0,0,0,170.0,0,1,0,0,0.4,1,1,1,3,0,1,1,6,1
https://camping.ch/de/campingplatz/waadt-genfersee/orges/bois-du-fey?l=true,Bois-du-Fey,1430 Orges (VD),0,0,0,0,1,0,0,0,12.0,1,1,1,0,0.6684931506849315,0,0,1,2,1,1,0,6,1
https://camping.ch/de/campingplatz/nordwestschweiz/bubendorf/campingplatz-talhaus?l=true,Campingplatz Talhaus,4416 Bubendorf (BL),0,0,0,0,0,0,0,0,10.0,0,1,1,1,1.0,1,0,1,0,0,1,1,4,1
https://camping.ch/de/campingplatz/tessin/gordevio/tcs-camping-gordevio-valle-maggia?l=true,TCS Camping Gordevio – Valle Maggia,6672 Gordevio (TI),0,0,1,0,0,0,0,0,127.0,0,0,0,0,0.5643835616438356,0,0,0,4,1,1,1,11,0
